{
  "type": "FeatureCollection",
  "features": [
    {
      "type": "Feature",
      "properties": {
        "grid_id": "cell_691374e1",
        "base_slope": 24.93,
        "soil_porosity": 41.36,
        "current_risk": 0.1
      },
      "geometry": {
        "type": "Polygon",
        "coordinates": [
          [
            [
              92.68,
              23.699999999999996
            ],
            [
              92.6849045075071,
              23.700010060941604
            ],
            [
              92.68489366466183,
              23.70452631093717
            ],
            [
              92.67998898839122,
              23.70451624784861
            ],
            [
              92.68,
              23.699999999999996
            ]
          ]
        ]
      }
    },
    {
      "type": "Feature",
      "properties": {
        "grid_id": "cell_28aeddbe",
        "base_slope": 30.53,
        "soil_porosity": 46.19,
        "current_risk": 0.1
      },
      "geometry": {
        "type": "Polygon",
        "coordinates": [
          [
            [
              92.67998898839122,
              23.70451624784861
            ],
            [
              92.68489366466183,
              23.70452631093717
            ],
            [
              92.68488281912333,
              23.70904255829353
            ],
            [
              92.6799779740473,
              23.709032493057858
            ],
            [
              92.67998898839122,
              23.70451624784861
            ]
          ]
        ]
      }
    },
    {
      "type": "Feature",
      "properties": {
        "grid_id": "cell_71e90917",
        "base_slope": 19.29,
        "soil_porosity": 41.74,
        "current_risk": 0.1
      },
      "geometry": {
        "type": "Polygon",
        "coordinates": [
          [
            [
              92.6799779740473,
              23.709032493057858
            ],
            [
              92.68488281912333,
              23.70904255829353
            ],
            [
              92.68487197089125,
              23.7135588030103
            ],
            [
              92.67996695696786,
              23.713548735627384
            ],
            [
              92.6799779740473,
              23.709032493057858
            ]
          ]
        ]
      }
    },
    {
      "type": "Feature",
      "properties": {
        "grid_id": "cell_e3a1700b",
        "base_slope": 41.57,
        "soil_porosity": 56.06,
        "current_risk": 0.1
      },
      "geometry": {
        "type": "Polygon",
        "coordinates": [
          [
            [
              92.67996695696786,
              23.713548735627384
            ],
            [
              92.68487197089125,
              23.7135588030103
            ],
            [
              92.68486111996512,
              23.718075045087087
            ],
            [
              92.67995593715246,
              23.718064975556793
            ],
            [
              92.67996695696786,
              23.713548735627384
            ]
          ]
        ]
      }
    },
    {
      "type": "Feature",
      "properties": {
        "grid_id": "cell_a47b8f3e",
        "base_slope": 22.87,
        "soil_porosity": 52.66,
        "current_risk": 0.1
      },
      "geometry": {
        "type": "Polygon",
        "coordinates": [
          [
            [
              92.67995593715246,
              23.718064975556793
            ],
            [
              92.68486111996512,
              23.718075045087087
            ],
            [
              92.68485026634457,
              23.722591284523542
            ],
            [
              92.6799449146007,
              23.722581212845704
            ],
            [
              92.67995593715246,
              23.718064975556793
            ]
          ]
        ]
      }
    },
    {
      "type": "Feature",
      "properties": {
        "grid_id": "cell_164f0207",
        "base_slope": 20.93,
        "soil_porosity": 56.58,
        "current_risk": 0.1
      },
      "geometry": {
        "type": "Polygon",
        "coordinates": [
          [
            [
              92.6799449146007,
              23.722581212845704
            ],
            [
              92.68485026634457,
              23.722591284523542
            ],
            [
              92.68483941002918,
              23.727107521319255
            ],
            [
              92.67993388931214,
              23.727097447493755
            ],
            [
              92.6799449146007,
              23.722581212845704
            ]
          ]
        ]
      }
    },
    {
      "type": "Feature",
      "properties": {
        "grid_id": "cell_0fca60c0",
        "base_slope": 46.58,
        "soil_porosity": 51.98,
        "current_risk": 0.1
      },
      "geometry": {
        "type": "Polygon",
        "coordinates": [
          [
            [
              92.67993388931214,
              23.727097447493755
            ],
            [
              92.68483941002918,
              23.727107521319255
            ],
            [
              92.68482855101853,
              23.731623755473862
            ],
            [
              92.67992286128637,
              23.73161367950053
            ],
            [
              92.67993388931214,
              23.727097447493755
            ]
          ]
        ]
      }
    },
    {
      "type": "Feature",
      "properties": {
        "grid_id": "cell_34ffc711",
        "base_slope": 31.66,
        "soil_porosity": 54.46,
        "current_risk": 0.1
      },
      "geometry": {
        "type": "Polygon",
        "coordinates": [
          [
            [
              92.67992286128637,
              23.73161367950053
            ],
            [
              92.68482855101853,
              23.731623755473862
            ],
            [
              92.6848176893122,
              23.73613998698697
            ],
            [
              92.67991183052298,
              23.73612990886569
            ],
            [
              92.67992286128637,
              23.73161367950053
            ]
          ]
        ]
      }
    },
    {
      "type": "Feature",
      "properties": {
        "grid_id": "cell_f578bdb9",
        "base_slope": 29.06,
        "soil_porosity": 46.83,
        "current_risk": 0.1
      },
      "geometry": {
        "type": "Polygon",
        "coordinates": [
          [
            [
              92.67991183052298,
              23.73612990886569
            ],
            [
              92.6848176893122,
              23.73613998698697
            ],
            [
              92.6848068249098,
              23.740656215858206
            ],
            [
              92.67990079702155,
              23.740646135588815
            ],
            [
              92.67991183052298,
              23.73612990886569
            ]
          ]
        ]
      }
    },
    {
      "type": "Feature",
      "properties": {
        "grid_id": "cell_29d42ba9",
        "base_slope": 29.04,
        "soil_porosity": 40.98,
        "current_risk": 0.1
      },
      "geometry": {
        "type": "Polygon",
        "coordinates": [
          [
            [
              92.67990079702155,
              23.740646135588815
            ],
            [
              92.6848068249098,
              23.740656215858206
            ],
            [
              92.68479595781092,
              23.745172442087195
            ],
            [
              92.67988976078166,
              23.74516235966955
            ],
            [
              92.67990079702155,
              23.740646135588815
            ]
          ]
        ]
      }
    },
    {
      "type": "Feature",
      "properties": {
        "grid_id": "cell_d46eb641",
        "base_slope": 45.14,
        "soil_porosity": 57.7,
        "current_risk": 0.1
      },
      "geometry": {
        "type": "Polygon",
        "coordinates": [
          [
            [
              92.67988976078166,
              23.74516235966955
            ],
            [
              92.68479595781092,
              23.745172442087195
            ],
            [
              92.68478508801513,
              23.749688665673542
            ],
            [
              92.67987872180291,
              23.749678581107506
            ],
            [
              92.67988976078166,
              23.74516235966955
            ]
          ]
        ]
      }
    },
    {
      "type": "Feature",
      "properties": {
        "grid_id": "cell_51bc2558",
        "base_slope": 37.23,
        "soil_porosity": 52.29,
        "current_risk": 0.1
      },
      "geometry": {
        "type": "Polygon",
        "coordinates": [
          [
            [
              92.67987872180291,
              23.749678581107506
            ],
            [
              92.68478508801513,
              23.749688665673542
            ],
            [
              92.68477421552203,
              23.75420488661688
            ],
            [
              92.67986768008484,
              23.754194799902304
            ],
            [
              92.67987872180291,
              23.749678581107506
            ]
          ]
        ]
      }
    },
    {
      "type": "Feature",
      "properties": {
        "grid_id": "cell_0a7bf8c1",
        "base_slope": 44.47,
        "soil_porosity": 56.07,
        "current_risk": 0.1
      },
      "geometry": {
        "type": "Polygon",
        "coordinates": [
          [
            [
              92.67986768008484,
              23.754194799902304
            ],
            [
              92.68477421552203,
              23.75420488661688
            ],
            [
              92.6847633403312,
              23.758721104916816
            ],
            [
              92.67985663562706,
              23.758711016053557
            ],
            [
              92.67986768008484,
              23.754194799902304
            ]
          ]
        ]
      }
    },
    {
      "type": "Feature",
      "properties": {
        "grid_id": "cell_50c2346d",
        "base_slope": 20.47,
        "soil_porosity": 45.93,
        "current_risk": 0.1
      },
      "geometry": {
        "type": "Polygon",
        "coordinates": [
          [
            [
              92.67985663562706,
              23.758711016053557
            ],
            [
              92.6847633403312,
              23.758721104916816
            ],
            [
              92.68475246244223,
              23.76323732057298
            ],
            [
              92.67984558842916,
              23.7632272295609
            ],
            [
              92.67985663562706,
              23.758711016053557
            ]
          ]
        ]
      }
    },
    {
      "type": "Feature",
      "properties": {
        "grid_id": "cell_f31fd0b1",
        "base_slope": 42.01,
        "soil_porosity": 42.6,
        "current_risk": 0.1
      },
      "geometry": {
        "type": "Polygon",
        "coordinates": [
          [
            [
              92.6849045075071,
              23.700010060941604
            ],
            [
              92.68980901770699,
              23.700019966497937
            ],
            [
              92.68979834362564,
              23.7045362186073
            ],
            [
              92.68489366466183,
              23.70452631093717
            ],
            [
              92.6849045075071,
              23.700010060941604
            ]
          ]
        ]
      }
    },
    {
      "type": "Feature",
      "properties": {
        "grid_id": "cell_b0f04d1d",
        "base_slope": 25.87,
        "soil_porosity": 54.75,
        "current_risk": 0.1
      },
      "geometry": {
        "type": "Polygon",
        "coordinates": [
          [
            [
              92.68489366466183,
              23.70452631093717
            ],
            [
              92.68979834362564,
              23.7045362186073
            ],
            [
              92.68978766689298,
              23.709052468077594
            ],
            [
              92.68488281912333,
              23.70904255829353
            ],
            [
              92.68489366466183,
              23.70452631093717
            ]
          ]
        ]
      }
    },
    {
      "type": "Feature",
      "properties": {
        "grid_id": "cell_d7437da5",
        "base_slope": 33.17,
        "soil_porosity": 55.18,
        "current_risk": 0.1
      },
      "geometry": {
        "type": "Polygon",
        "coordinates": [
          [
            [
              92.68488281912333,
              23.70904255829353
            ],
            [
              92.68978766689298,
              23.709052468077594
            ],
            [
              92.68977698750865,
              23.713568714908444
            ],
            [
              92.68487197089125,
              23.7135588030103
            ],
            [
              92.68488281912333,
              23.70904255829353
            ]
          ]
        ]
      }
    },
    {
      "type": "Feature",
      "properties": {
        "grid_id": "cell_3d15ae7c",
        "base_slope": 26.61,
        "soil_porosity": 52.13,
        "current_risk": 0.1
      },
      "geometry": {
        "type": "Polygon",
        "coordinates": [
          [
            [
              92.68487197089125,
              23.7135588030103
            ],
            [
              92.68977698750865,
              23.713568714908444
            ],
            [
              92.68976630547223,
              23.71808495909946
            ],
            [
              92.68486111996512,
              23.718075045087087
            ],
            [
              92.68487197089125,
              23.7135588030103
            ]
          ]
        ]
      }
    },
    {
      "type": "Feature",
      "properties": {
        "grid_id": "cell_207d6185",
        "base_slope": 22.07,
        "soil_porosity": 48.18,
        "current_risk": 0.1
      },
      "geometry": {
        "type": "Polygon",
        "coordinates": [
          [
            [
              92.68486111996512,
              23.718075045087087
            ],
            [
              92.68976630547223,
              23.71808495909946
            ],
            [
              92.6897556207833,
              23.722601200650274
            ],
            [
              92.68485026634457,
              23.722591284523542
            ],
            [
              92.68486111996512,
              23.718075045087087
            ]
          ]
        ]
      }
    },
    {
      "type": "Feature",
      "properties": {
        "grid_id": "cell_935a42a6",
        "base_slope": 47.11,
        "soil_porosity": 47.67,
        "current_risk": 0.1
      },
      "geometry": {
        "type": "Polygon",
        "coordinates": [
          [
            [
              92.68485026634457,
              23.722591284523542
            ],
            [
              92.6897556207833,
              23.722601200650274
            ],
            [
              92.68974493344147,
              23.7271174395605
            ],
            [
              92.68483941002918,
              23.727107521319255
            ],
            [
              92.68485026634457,
              23.722591284523542
            ]
          ]
        ]
      }
    },
    {
      "type": "Feature",
      "properties": {
        "grid_id": "cell_91e8b90c",
        "base_slope": 17.01,
        "soil_porosity": 51.73,
        "current_risk": 0.1
      },
      "geometry": {
        "type": "Polygon",
        "coordinates": [
          [
            [
              92.68483941002918,
              23.727107521319255
            ],
            [
              92.68974493344147,
              23.7271174395605
            ],
            [
              92.68973424344635,
              23.731633675829745
            ],
            [
              92.68482855101853,
              23.731623755473862
            ],
            [
              92.68483941002918,
              23.727107521319255
            ]
          ]
        ]
      }
    },
    {
      "type": "Feature",
      "properties": {
        "grid_id": "cell_bdfa1664",
        "base_slope": 30.79,
        "soil_porosity": 48.15,
        "current_risk": 0.1
      },
      "geometry": {
        "type": "Polygon",
        "coordinates": [
          [
            [
              92.68482855101853,
              23.731623755473862
            ],
            [
              92.68973424344635,
              23.731633675829745
            ],
            [
              92.68972355079751,
              23.73614990945765
            ],
            [
              92.6848176893122,
              23.73613998698697
            ],
            [
              92.68482855101853,
              23.731623755473862
            ]
          ]
        ]
      }
    },
    {
      "type": "Feature",
      "properties": {
        "grid_id": "cell_684223d1",
        "base_slope": 24.68,
        "soil_porosity": 55.74,
        "current_risk": 0.1
      },
      "geometry": {
        "type": "Polygon",
        "coordinates": [
          [
            [
              92.6848176893122,
              23.73613998698697
            ],
            [
              92.68972355079751,
              23.73614990945765
            ],
            [
              92.68971285549456,
              23.740666140443814
            ],
            [
              92.6848068249098,
              23.740656215858206
            ],
            [
              92.6848176893122,
              23.73613998698697
            ]
          ]
        ]
      }
    },
    {
      "type": "Feature",
      "properties": {
        "grid_id": "cell_a63f8747",
        "base_slope": 47.88,
        "soil_porosity": 55.9,
        "current_risk": 0.1
      },
      "geometry": {
        "type": "Polygon",
        "coordinates": [
          [
            [
              92.6848068249098,
              23.740656215858206
            ],
            [
              92.68971285549456,
              23.740666140443814
            ],
            [
              92.68970215753707,
              23.745182368787873
            ],
            [
              92.68479595781092,
              23.745172442087195
            ],
            [
              92.6848068249098,
              23.740656215858206
            ]
          ]
        ]
      }
    },
    {
      "type": "Feature",
      "properties": {
        "grid_id": "cell_d9184758",
        "base_slope": 17.89,
        "soil_porosity": 41.27,
        "current_risk": 0.1
      },
      "geometry": {
        "type": "Polygon",
        "coordinates": [
          [
            [
              92.68479595781092,
              23.745172442087195
            ],
            [
              92.68970215753707,
              23.745182368787873
            ],
            [
              92.68969145692466,
              23.749698594489434
            ],
            [
              92.68478508801513,
              23.749688665673542
            ],
            [
              92.68479595781092,
              23.745172442087195
            ]
          ]
        ]
      }
    },
    {
      "type": "Feature",
      "properties": {
        "grid_id": "cell_46ea0a0e",
        "base_slope": 35.06,
        "soil_porosity": 54.84,
        "current_risk": 0.1
      },
      "geometry": {
        "type": "Polygon",
        "coordinates": [
          [
            [
              92.68478508801513,
              23.749688665673542
            ],
            [
              92.68969145692466,
              23.749698594489434
            ],
            [
              92.68968075365694,
              23.75421481754812
            ],
            [
              92.68477421552203,
              23.75420488661688
            ],
            [
              92.68478508801513,
              23.749688665673542
            ]
          ]
        ]
      }
    },
    {
      "type": "Feature",
      "properties": {
        "grid_id": "cell_1482c0ed",
        "base_slope": 47.64,
        "soil_porosity": 43.28,
        "current_risk": 0.1
      },
      "geometry": {
        "type": "Polygon",
        "coordinates": [
          [
            [
              92.68477421552203,
              23.75420488661688
            ],
            [
              92.68968075365694,
              23.75421481754812
            ],
            [
              92.68967004773346,
              23.75873103796356
            ],
            [
              92.6847633403312,
              23.758721104916816
            ],
            [
              92.68477421552203,
              23.75420488661688
            ]
          ]
        ]
      }
    },
    {
      "type": "Feature",
      "properties": {
        "grid_id": "cell_d49e4ab9",
        "base_slope": 32.24,
        "soil_porosity": 52.42,
        "current_risk": 0.1
      },
      "geometry": {
        "type": "Polygon",
        "coordinates": [
          [
            [
              92.6847633403312,
              23.758721104916816
            ],
            [
              92.68967004773346,
              23.75873103796356
            ],
            [
              92.68965933915383,
              23.763247255735358
            ],
            [
              92.68475246244223,
              23.76323732057298
            ],
            [
              92.6847633403312,
              23.758721104916816
            ]
          ]
        ]
      }
    },
    {
      "type": "Feature",
      "properties": {
        "grid_id": "cell_4499b312",
        "base_slope": 37.34,
        "soil_porosity": 52.94,
        "current_risk": 0.1
      },
      "geometry": {
        "type": "Polygon",
        "coordinates": [
          [
            [
              92.68980901770699,
              23.700019966497937
            ],
            [
              92.69471353055776,
              23.70002971666864
            ],
            [
              92.69470302524073,
              23.704545970858643
            ],
            [
              92.68979834362564,
              23.7045362186073
            ],
            [
              92.68980901770699,
              23.700019966497937
            ]
          ]
        ]
      }
    },
    {
      "type": "Feature",
      "properties": {
        "grid_id": "cell_082ec686",
        "base_slope": 32.76,
        "soil_porosity": 40.68,
        "current_risk": 0.1
      },
      "geometry": {
        "type": "Polygon",
        "coordinates": [
          [
            [
              92.68979834362564,
              23.7045362186073
            ],
            [
              92.69470302524073,
              23.704545970858643
            ],
            [
              92.69469251731432,
              23.70906222240972
            ],
            [
              92.68978766689298,
              23.709052468077594
            ],
            [
              92.68979834362564,
              23.7045362186073
            ]
          ]
        ]
      }
    },
    {
      "type": "Feature",
      "properties": {
        "grid_id": "cell_3a52ec00",
        "base_slope": 27.27,
        "soil_porosity": 57.79,
        "current_risk": 0.1
      },
      "geometry": {
        "type": "Polygon",
        "coordinates": [
          [
            [
              92.68978766689298,
              23.709052468077594
            ],
            [
              92.69469251731432,
              23.70906222240972
            ],
            [
              92.69468200677815,
              23.71357847132149
            ],
            [
              92.68977698750865,
              23.713568714908444
            ],
            [
              92.68978766689298,
              23.709052468077594
            ]
          ]
        ]
      }
    },
    {
      "type": "Feature",
      "properties": {
        "grid_id": "cell_b397b52c",
        "base_slope": 47.29,
        "soil_porosity": 46.46,
        "current_risk": 0.1
      },
      "geometry": {
        "type": "Polygon",
        "coordinates": [
          [
            [
              92.68977698750865,
              23.713568714908444
            ],
            [
              92.69468200677815,
              23.71357847132149
            ],
            [
              92.69467149363183,
              23.718094717593566
            ],
            [
              92.68976630547223,
              23.71808495909946
            ],
            [
              92.68977698750865,
              23.713568714908444
            ]
          ]
        ]
      }
    },
    {
      "type": "Feature",
      "properties": {
        "grid_id": "cell_1d80d405",
        "base_slope": 39.51,
        "soil_porosity": 44.4,
        "current_risk": 0.1
      },
      "geometry": {
        "type": "Polygon",
        "coordinates": [
          [
            [
              92.68976630547223,
              23.71808495909946
            ],
            [
              92.69467149363183,
              23.718094717593566
            ],
            [
              92.69466097787493,
              23.722610961225577
            ],
            [
              92.6897556207833,
              23.722601200650274
            ],
            [
              92.68976630547223,
              23.71808495909946
            ]
          ]
        ]
      }
    },
    {
      "type": "Feature",
      "properties": {
        "grid_id": "cell_ef9dbc4e",
        "base_slope": 47.94,
        "soil_porosity": 40.91,
        "current_risk": 0.1
      },
      "geometry": {
        "type": "Polygon",
        "coordinates": [
          [
            [
              92.6897556207833,
              23.722601200650274
            ],
            [
              92.69466097787493,
              23.722610961225577
            ],
            [
              92.69465045950709,
              23.727127202217133
            ],
            [
              92.68974493344147,
              23.7271174395605
            ],
            [
              92.6897556207833,
              23.722601200650274
            ]
          ]
        ]
      }
    },
    {
      "type": "Feature",
      "properties": {
        "grid_id": "cell_5b4fc3c6",
        "base_slope": 42.96,
        "soil_porosity": 44.38,
        "current_risk": 0.1
      },
      "geometry": {
        "type": "Polygon",
        "coordinates": [
          [
            [
              92.68974493344147,
              23.7271174395605
            ],
            [
              92.69465045950709,
              23.727127202217133
            ],
            [
              92.69463993852789,
              23.731643440567858
            ],
            [
              92.68973424344635,
              23.731633675829745
            ],
            [
              92.68974493344147,
              23.7271174395605
            ]
          ]
        ]
      }
    },
    {
      "type": "Feature",
      "properties": {
        "grid_id": "cell_a4e75ad8",
        "base_slope": 24.28,
        "soil_porosity": 52.55,
        "current_risk": 0.1
      },
      "geometry": {
        "type": "Polygon",
        "coordinates": [
          [
            [
              92.68973424344635,
              23.731633675829745
            ],
            [
              92.69463993852789,
              23.731643440567858
            ],
            [
              92.69462941493694,
              23.736159676277378
            ],
            [
              92.68972355079751,
              23.73614990945765
            ],
            [
              92.68973424344635,
              23.731633675829745
            ]
          ]
        ]
      }
    },
    {
      "type": "Feature",
      "properties": {
        "grid_id": "cell_bd67fa38",
        "base_slope": 42.22,
        "soil_porosity": 47.91,
        "current_risk": 0.1
      },
      "geometry": {
        "type": "Polygon",
        "coordinates": [
          [
            [
              92.68972355079751,
              23.73614990945765
            ],
            [
              92.69462941493694,
              23.736159676277378
            ],
            [
              92.69461888873381,
              23.740675909345295
            ],
            [
              92.68971285549456,
              23.740666140443814
            ],
            [
              92.68972355079751,
              23.73614990945765
            ]
          ]
        ]
      }
    },
    {
      "type": "Feature",
      "properties": {
        "grid_id": "cell_f26b87b6",
        "base_slope": 22.47,
        "soil_porosity": 52.98,
        "current_risk": 0.1
      },
      "geometry": {
        "type": "Polygon",
        "coordinates": [
          [
            [
              92.68971285549456,
              23.740666140443814
            ],
            [
              92.69461888873381,
              23.740675909345295
            ],
            [
              92.69460835991816,
              23.745192139771245
            ],
            [
              92.68970215753707,
              23.745182368787873
            ],
            [
              92.68971285549456,
              23.740666140443814
            ]
          ]
        ]
      }
    },
    {
      "type": "Feature",
      "properties": {
        "grid_id": "cell_535135dd",
        "base_slope": 32.05,
        "soil_porosity": 53.43,
        "current_risk": 0.1
      },
      "geometry": {
        "type": "Polygon",
        "coordinates": [
          [
            [
              92.68970215753707,
              23.745182368787873
            ],
            [
              92.69460835991816,
              23.745192139771245
            ],
            [
              92.69459782848953,
              23.74970836755484
            ],
            [
              92.68969145692466,
              23.749698594489434
            ],
            [
              92.68970215753707,
              23.745182368787873
            ]
          ]
        ]
      }
    },
    {
      "type": "Feature",
      "properties": {
        "grid_id": "cell_b14209a9",
        "base_slope": 30.38,
        "soil_porosity": 50.44,
        "current_risk": 0.1
      },
      "geometry": {
        "type": "Polygon",
        "coordinates": [
          [
            [
              92.68969145692466,
              23.749698594489434
            ],
            [
              92.69459782848953,
              23.74970836755484
            ],
            [
              92.69458729444757,
              23.754224592695703
            ],
            [
              92.68968075365694,
              23.75421481754812
            ],
            [
              92.68969145692466,
              23.749698594489434
            ]
          ]
        ]
      }
    },
    {
      "type": "Feature",
      "properties": {
        "grid_id": "cell_d4b042ce",
        "base_slope": 17.59,
        "soil_porosity": 54.0,
        "current_risk": 0.1
      },
      "geometry": {
        "type": "Polygon",
        "coordinates": [
          [
            [
              92.68968075365694,
              23.75421481754812
            ],
            [
              92.69458729444757,
              23.754224592695703
            ],
            [
              92.69457675779188,
              23.758740815193452
            ],
            [
              92.68967004773346,
              23.75873103796356
            ],
            [
              92.68968075365694,
              23.75421481754812
            ]
          ]
        ]
      }
    },
    {
      "type": "Feature",
      "properties": {
        "grid_id": "cell_e1f8884b",
        "base_slope": 43.42,
        "soil_porosity": 57.88,
        "current_risk": 0.1
      },
      "geometry": {
        "type": "Polygon",
        "coordinates": [
          [
            [
              92.68967004773346,
              23.75873103796356
            ],
            [
              92.69457675779188,
              23.758740815193452
            ],
            [
              92.694566218522,
              23.7632570350477
            ],
            [
              92.68965933915383,
              23.763247255735358
            ],
            [
              92.68967004773346,
              23.75873103796356
            ]
          ]
        ]
      }
    },
    {
      "type": "Feature",
      "properties": {
        "grid_id": "cell_ba679d7a",
        "base_slope": 38.57,
        "soil_porosity": 50.76,
        "current_risk": 0.1
      },
      "geometry": {
        "type": "Polygon",
        "coordinates": [
          [
            [
              92.69471353055776,
              23.70002971666864
            ],
            [
              92.6996180460175,
              23.70003931145339
            ],
            [
              92.69960770946518,
              23.70455556769087
            ],
            [
              92.69470302524073,
              23.704545970858643
            ],
            [
              92.69471353055776,
              23.70002971666864
            ]
          ]
        ]
      }
    },
    {
      "type": "Feature",
      "properties": {
        "grid_id": "cell_c18a2fb0",
        "base_slope": 25.12,
        "soil_porosity": 56.35,
        "current_risk": 0.1
      },
      "geometry": {
        "type": "Polygon",
        "coordinates": [
          [
            [
              92.69470302524073,
              23.704545970858643
            ],
            [
              92.69960770946518,
              23.70455556769087
            ],
            [
              92.69959737034542,
              23.70907182128957
            ],
            [
              92.69469251731432,
              23.70906222240972
            ],
            [
              92.69470302524073,
              23.704545970858643
            ]
          ]
        ]
      }
    },
    {
      "type": "Feature",
      "properties": {
        "grid_id": "cell_d9db585d",
        "base_slope": 22.65,
        "soil_porosity": 52.39,
        "current_risk": 0.1
      },
      "geometry": {
        "type": "Polygon",
        "coordinates": [
          [
            [
              92.69469251731432,
              23.70906222240972
            ],
            [
              92.69959737034542,
              23.70907182128957
            ],
            [
              92.69958702865782,
              23.7135880722491
            ],
            [
              92.69468200677815,
              23.71357847132149
            ],
            [
              92.69469251731432,
              23.70906222240972
            ]
          ]
        ]
      }
    },
    {
      "type": "Feature",
      "properties": {
        "grid_id": "cell_3983408b",
        "base_slope": 18.24,
        "soil_porosity": 56.81,
        "current_risk": 0.1
      },
      "geometry": {
        "type": "Polygon",
        "coordinates": [
          [
            [
              92.69468200677815,
              23.71357847132149
            ],
            [
              92.69958702865782,
              23.7135880722491
            ],
            [
              92.69957668440199,
              23.71810432056907
            ],
            [
              92.69467149363183,
              23.718094717593566
            ],
            [
              92.69468200677815,
              23.71357847132149
            ]
          ]
        ]
      }
    },
    {
      "type": "Feature",
      "properties": {
        "grid_id": "cell_acff3e1d",
        "base_slope": 47.19,
        "soil_porosity": 52.69,
        "current_risk": 0.1
      },
      "geometry": {
        "type": "Polygon",
        "coordinates": [
          [
            [
              92.69467149363183,
              23.718094717593566
            ],
            [
              92.69957668440199,
              23.71810432056907
            ],
            [
              92.69956633757754,
              23.722620566249105
            ],
            [
              92.69466097787493,
              23.722610961225577
            ],
            [
              92.69467149363183,
              23.718094717593566
            ]
          ]
        ]
      }
    },
    {
      "type": "Feature",
      "properties": {
        "grid_id": "cell_1b5ddda6",
        "base_slope": 40.76,
        "soil_porosity": 42.69,
        "current_risk": 0.1
      },
      "geometry": {
        "type": "Polygon",
        "coordinates": [
          [
            [
              92.69466097787493,
              23.722610961225577
            ],
            [
              92.69956633757754,
              23.722620566249105
            ],
            [
              92.69955598818406,
              23.727136809288837
            ],
            [
              92.69465045950709,
              23.727127202217133
            ],
            [
              92.69466097787493,
              23.722610961225577
            ]
          ]
        ]
      }
    },
    {
      "type": "Feature",
      "properties": {
        "grid_id": "cell_4aaffaec",
        "base_slope": 16.43,
        "soil_porosity": 54.55,
        "current_risk": 0.1
      },
      "geometry": {
        "type": "Polygon",
        "coordinates": [
          [
            [
              92.69465045950709,
              23.727127202217133
            ],
            [
              92.69955598818406,
              23.727136809288837
            ],
            [
              92.69954563622117,
              23.73165304968786
            ],
            [
              92.69463993852789,
              23.731643440567858
            ],
            [
              92.69465045950709,
              23.727127202217133
            ]
          ]
        ]
      }
    },
    {
      "type": "Feature",
      "properties": {
        "grid_id": "cell_5bbd6507",
        "base_slope": 21.65,
        "soil_porosity": 57.42,
        "current_risk": 0.1
      },
      "geometry": {
        "type": "Polygon",
        "coordinates": [
          [
            [
              92.69463993852789,
              23.731643440567858
            ],
            [
              92.69954563622117,
              23.73165304968786
            ],
            [
              92.69953528168851,
              23.73616928744582
            ],
            [
              92.69462941493694,
              23.736159676277378
            ],
            [
              92.69463993852789,
              23.731643440567858
            ]
          ]
        ]
      }
    },
    {
      "type": "Feature",
      "properties": {
        "grid_id": "cell_cf1635eb",
        "base_slope": 45.3,
        "soil_porosity": 46.91,
        "current_risk": 0.1
      },
      "geometry": {
        "type": "Polygon",
        "coordinates": [
          [
            [
              92.69462941493694,
              23.736159676277378
            ],
            [
              92.69953528168851,
              23.73616928744582
            ],
            [
              92.69952492458565,
              23.740685522562316
            ],
            [
              92.69461888873381,
              23.740675909345295
            ],
            [
              92.69462941493694,
              23.736159676277378
            ]
          ]
        ]
      }
    },
    {
      "type": "Feature",
      "properties": {
        "grid_id": "cell_6629f603",
        "base_slope": 27.39,
        "soil_porosity": 51.06,
        "current_risk": 0.1
      },
      "geometry": {
        "type": "Polygon",
        "coordinates": [
          [
            [
              92.69461888873381,
              23.740675909345295
            ],
            [
              92.69952492458565,
              23.740685522562316
            ],
            [
              92.69951456491219,
              23.745201755036984
            ],
            [
              92.69460835991816,
              23.745192139771245
            ],
            [
              92.69461888873381,
              23.740675909345295
            ]
          ]
        ]
      }
    },
    {
      "type": "Feature",
      "properties": {
        "grid_id": "cell_7df3084c",
        "base_slope": 38.79,
        "soil_porosity": 42.16,
        "current_risk": 0.1
      },
      "geometry": {
        "type": "Polygon",
        "coordinates": [
          [
            [
              92.69460835991816,
              23.745192139771245
            ],
            [
              92.69951456491219,
              23.745201755036984
            ],
            [
              92.69950420266778,
              23.749717984869427
            ],
            [
              92.69459782848953,
              23.74970836755484
            ],
            [
              92.69460835991816,
              23.745192139771245
            ]
          ]
        ]
      }
    },
    {
      "type": "Feature",
      "properties": {
        "grid_id": "cell_bbc16e98",
        "base_slope": 42.67,
        "soil_porosity": 51.09,
        "current_risk": 0.1
      },
      "geometry": {
        "type": "Polygon",
        "coordinates": [
          [
            [
              92.69459782848953,
              23.74970836755484
            ],
            [
              92.69950420266778,
              23.749717984869427
            ],
            [
              92.69949383785199,
              23.75423421205928
            ],
            [
              92.69458729444757,
              23.754224592695703
            ],
            [
              92.69459782848953,
              23.74970836755484
            ]
          ]
        ]
      }
    },
    {
      "type": "Feature",
      "properties": {
        "grid_id": "cell_0adcbbcc",
        "base_slope": 28.68,
        "soil_porosity": 55.27,
        "current_risk": 0.1
      },
      "geometry": {
        "type": "Polygon",
        "coordinates": [
          [
            [
              92.69458729444757,
              23.754224592695703
            ],
            [
              92.69949383785199,
              23.75423421205928
            ],
            [
              92.69948347046443,
              23.758750436606153
            ],
            [
              92.69457675779188,
              23.758740815193452
            ],
            [
              92.69458729444757,
              23.754224592695703
            ]
          ]
        ]
      }
    },
    {
      "type": "Feature",
      "properties": {
        "grid_id": "cell_b2a6ebbe",
        "base_slope": 16.23,
        "soil_porosity": 57.59,
        "current_risk": 0.1
      },
      "geometry": {
        "type": "Polygon",
        "coordinates": [
          [
            [
              92.69457675779188,
              23.758740815193452
            ],
            [
              92.69948347046443,
              23.758750436606153
            ],
            [
              92.69947310050473,
              23.76326665850967
            ],
            [
              92.694566218522,
              23.7632570350477
            ],
            [
              92.69457675779188,
              23.758740815193452
            ]
          ]
        ]
      }
    },
    {
      "type": "Feature",
      "properties": {
        "grid_id": "cell_ad769043",
        "base_slope": 46.63,
        "soil_porosity": 56.35,
        "current_risk": 0.1
      },
      "geometry": {
        "type": "Polygon",
        "coordinates": [
          [
            [
              92.6996180460175,
              23.70003931145339
            ],
            [
              92.7045225640443,
              23.700048750851856
            ],
            [
              92.70451239625709,
              23.70456500910366
            ],
            [
              92.69960770946518,
              23.70455556769087
            ],
            [
              92.6996180460175,
              23.70003931145339
            ]
          ]
        ]
      }
    },
    {
      "type": "Feature",
      "properties": {
        "grid_id": "cell_d9d79800",
        "base_slope": 28.65,
        "soil_porosity": 56.37,
        "current_risk": 0.1
      },
      "geometry": {
        "type": "Polygon",
        "coordinates": [
          [
            [
              92.69960770946518,
              23.70455556769087
            ],
            [
              92.70451239625709,
              23.70456500910366
            ],
            [
              92.70450222594437,
              23.70908126471682
            ],
            [
              92.69959737034542,
              23.70907182128957
            ],
            [
              92.69960770946518,
              23.70455556769087
            ]
          ]
        ]
      }
    },
    {
      "type": "Feature",
      "properties": {
        "grid_id": "cell_fc6867da",
        "base_slope": 21.19,
        "soil_porosity": 54.95,
        "current_risk": 0.1
      },
      "geometry": {
        "type": "Polygon",
        "coordinates": [
          [
            [
              92.69959737034542,
              23.70907182128957
            ],
            [
              92.70450222594437,
              23.70908126471682
            ],
            [
              92.70449205310571,
              23.71359751769094
            ],
            [
              92.69958702865782,
              23.7135880722491
            ],
            [
              92.69959737034542,
              23.70907182128957
            ]
          ]
        ]
      }
    },
    {
      "type": "Feature",
      "properties": {
        "grid_id": "cell_a14732f9",
        "base_slope": 15.43,
        "soil_porosity": 45.18,
        "current_risk": 0.1
      },
      "geometry": {
        "type": "Polygon",
        "coordinates": [
          [
            [
              92.69958702865782,
              23.7135880722491
            ],
            [
              92.70449205310571,
              23.71359751769094
            ],
            [
              92.70448187774078,
              23.718113768025635
            ],
            [
              92.69957668440199,
              23.71810432056907
            ],
            [
              92.69958702865782,
              23.7135880722491
            ]
          ]
        ]
      }
    },
    {
      "type": "Feature",
      "properties": {
        "grid_id": "cell_bad763ba",
        "base_slope": 45.28,
        "soil_porosity": 55.74,
        "current_risk": 0.1
      },
      "geometry": {
        "type": "Polygon",
        "coordinates": [
          [
            [
              92.69957668440199,
              23.71810432056907
            ],
            [
              92.70448187774078,
              23.718113768025635
            ],
            [
              92.70447169984912,
              23.722630015720537
            ],
            [
              92.69956633757754,
              23.722620566249105
            ],
            [
              92.69957668440199,
              23.71810432056907
            ]
          ]
        ]
      }
    },
    {
      "type": "Feature",
      "properties": {
        "grid_id": "cell_5170eb97",
        "base_slope": 29.89,
        "soil_porosity": 43.88,
        "current_risk": 0.1
      },
      "geometry": {
        "type": "Polygon",
        "coordinates": [
          [
            [
              92.69956633757754,
              23.722620566249105
            ],
            [
              92.70447169984912,
              23.722630015720537
            ],
            [
              92.70446151943044,
              23.727146260775264
            ],
            [
              92.69955598818406,
              23.727136809288837
            ],
            [
              92.69956633757754,
              23.722620566249105
            ]
          ]
        ]
      }
    },
    {
      "type": "Feature",
      "properties": {
        "grid_id": "cell_927de716",
        "base_slope": 40.4,
        "soil_porosity": 44.4,
        "current_risk": 0.1
      },
      "geometry": {
        "type": "Polygon",
        "coordinates": [
          [
            [
              92.69955598818406,
              23.727136809288837
            ],
            [
              92.70446151943044,
              23.727146260775264
            ],
            [
              92.70445133648428,
              23.731662503189423
            ],
            [
              92.69954563622117,
              23.73165304968786
            ],
            [
              92.69955598818406,
              23.727136809288837
            ]
          ]
        ]
      }
    },
    {
      "type": "Feature",
      "properties": {
        "grid_id": "cell_029eaf03",
        "base_slope": 44.22,
        "soil_porosity": 44.85,
        "current_risk": 0.1
      },
      "geometry": {
        "type": "Polygon",
        "coordinates": [
          [
            [
              92.69954563622117,
              23.73165304968786
            ],
            [
              92.70445133648428,
              23.731662503189423
            ],
            [
              92.70444115101027,
              23.736178742962647
            ],
            [
              92.69953528168851,
              23.73616928744582
            ],
            [
              92.69954563622117,
              23.73165304968786
            ]
          ]
        ]
      }
    },
    {
      "type": "Feature",
      "properties": {
        "grid_id": "cell_10f88f62",
        "base_slope": 41.8,
        "soil_porosity": 48.53,
        "current_risk": 0.1
      },
      "geometry": {
        "type": "Polygon",
        "coordinates": [
          [
            [
              92.69953528168851,
              23.73616928744582
            ],
            [
              92.70444115101027,
              23.736178742962647
            ],
            [
              92.70443096300805,
              23.74069498009455
            ],
            [
              92.69952492458565,
              23.740685522562316
            ],
            [
              92.69953528168851,
              23.73616928744582
            ]
          ]
        ]
      }
    },
    {
      "type": "Feature",
      "properties": {
        "grid_id": "cell_1266908d",
        "base_slope": 28.82,
        "soil_porosity": 51.79,
        "current_risk": 0.1
      },
      "geometry": {
        "type": "Polygon",
        "coordinates": [
          [
            [
              92.69952492458565,
              23.740685522562316
            ],
            [
              92.70443096300805,
              23.74069498009455
            ],
            [
              92.70442077247719,
              23.74521121458475
            ],
            [
              92.69951456491219,
              23.745201755036984
            ],
            [
              92.69952492458565,
              23.740685522562316
            ]
          ]
        ]
      }
    },
    {
      "type": "Feature",
      "properties": {
        "grid_id": "cell_3c9d2a62",
        "base_slope": 44.91,
        "soil_porosity": 56.33,
        "current_risk": 0.1
      },
      "geometry": {
        "type": "Polygon",
        "coordinates": [
          [
            [
              92.69951456491219,
              23.745201755036984
            ],
            [
              92.70442077247719,
              23.74521121458475
            ],
            [
              92.70441057941736,
              23.749727446432864
            ],
            [
              92.69950420266778,
              23.749717984869427
            ],
            [
              92.69951456491219,
              23.745201755036984
            ]
          ]
        ]
      }
    },
    {
      "type": "Feature",
      "properties": {
        "grid_id": "cell_87543d0a",
        "base_slope": 32.96,
        "soil_porosity": 54.54,
        "current_risk": 0.1
      },
      "geometry": {
        "type": "Polygon",
        "coordinates": [
          [
            [
              92.69950420266778,
              23.749717984869427
            ],
            [
              92.70441057941736,
              23.749727446432864
            ],
            [
              92.70440038382813,
              23.754243675638527
            ],
            [
              92.69949383785199,
              23.75423421205928
            ],
            [
              92.69950420266778,
              23.749717984869427
            ]
          ]
        ]
      }
    },
    {
      "type": "Feature",
      "properties": {
        "grid_id": "cell_e650321d",
        "base_slope": 24.37,
        "soil_porosity": 42.0,
        "current_risk": 0.1
      },
      "geometry": {
        "type": "Polygon",
        "coordinates": [
          [
            [
              92.69949383785199,
              23.75423421205928
            ],
            [
              92.70440038382813,
              23.754243675638527
            ],
            [
              92.70439018570914,
              23.758759902201344
            ],
            [
              92.69948347046443,
              23.758750436606153
            ],
            [
              92.69949383785199,
              23.75423421205928
            ]
          ]
        ]
      }
    },
    {
      "type": "Feature",
      "properties": {
        "grid_id": "cell_eaa73f2f",
        "base_slope": 25.55,
        "soil_porosity": 48.34,
        "current_risk": 0.1
      },
      "geometry": {
        "type": "Polygon",
        "coordinates": [
          [
            [
              92.69948347046443,
              23.758750436606153
            ],
            [
              92.70439018570914,
              23.758759902201344
            ],
            [
              92.70437998505999,
              23.763276126120928
            ],
            [
              92.69947310050473,
              23.76326665850967
            ],
            [
              92.69948347046443,
              23.758750436606153
            ]
          ]
        ]
      }
    },
    {
      "type": "Feature",
      "properties": {
        "grid_id": "cell_788e91e1",
        "base_slope": 46.77,
        "soil_porosity": 50.0,
        "current_risk": 0.1
      },
      "geometry": {
        "type": "Polygon",
        "coordinates": [
          [
            [
              92.7045225640443,
              23.700048750851856
            ],
            [
              92.70942708459624,
              23.700058034863716
            ],
            [
              92.70941708557453,
              23.704574295096695
            ],
            [
              92.70451239625709,
              23.70456500910366
            ],
            [
              92.7045225640443,
              23.700048750851856
            ]
          ]
        ]
      }
    },
    {
      "type": "Feature",
      "properties": {
        "grid_id": "cell_83185f1a",
        "base_slope": 33.29,
        "soil_porosity": 48.5,
        "current_risk": 0.1
      },
      "geometry": {
        "type": "Polygon",
        "coordinates": [
          [
            [
              92.70451239625709,
              23.70456500910366
            ],
            [
              92.70941708557453,
              23.704574295096695
            ],
            [
              92.70940708406921,
              23.70909055269114
            ],
            [
              92.70450222594437,
              23.70908126471682
            ],
            [
              92.70451239625709,
              23.70456500910366
            ]
          ]
        ]
      }
    },
    {
      "type": "Feature",
      "properties": {
        "grid_id": "cell_584f5a6a",
        "base_slope": 44.03,
        "soil_porosity": 53.7,
        "current_risk": 0.1
      },
      "geometry": {
        "type": "Polygon",
        "coordinates": [
          [
            [
              92.70450222594437,
              23.70908126471682
            ],
            [
              92.70940708406921,
              23.70909055269114
            ],
            [
              92.70939708007991,
              23.713606807646695
            ],
            [
              92.70449205310571,
              23.71359751769094
            ],
            [
              92.70450222594437,
              23.70908126471682
            ]
          ]
        ]
      }
    },
    {
      "type": "Feature",
      "properties": {
        "grid_id": "cell_d55e4571",
        "base_slope": 34.02,
        "soil_porosity": 41.12,
        "current_risk": 0.1
      },
      "geometry": {
        "type": "Polygon",
        "coordinates": [
          [
            [
              92.70449205310571,
              23.71359751769094
            ],
            [
              92.70939708007991,
              23.713606807646695
            ],
            [
              92.70938707360624,
              23.71812305996295
            ],
            [
              92.70448187774078,
              23.718113768025635
            ],
            [
              92.70449205310571,
              23.71359751769094
            ]
          ]
        ]
      }
    },
    {
      "type": "Feature",
      "properties": {
        "grid_id": "cell_24fade10",
        "base_slope": 15.8,
        "soil_porosity": 52.41,
        "current_risk": 0.1
      },
      "geometry": {
        "type": "Polygon",
        "coordinates": [
          [
            [
              92.70448187774078,
              23.718113768025635
            ],
            [
              92.70938707360624,
              23.71812305996295
            ],
            [
              92.70937706464781,
              23.72263930963955
            ],
            [
              92.70447169984912,
              23.722630015720537
            ],
            [
              92.70448187774078,
              23.718113768025635
            ]
          ]
        ]
      }
    },
    {
      "type": "Feature",
      "properties": {
        "grid_id": "cell_53a42368",
        "base_slope": 20.42,
        "soil_porosity": 46.98,
        "current_risk": 0.1
      },
      "geometry": {
        "type": "Polygon",
        "coordinates": [
          [
            [
              92.70447169984912,
              23.722630015720537
            ],
            [
              92.70937706464781,
              23.72263930963955
            ],
            [
              92.70936705320426,
              23.7271555566761
            ],
            [
              92.70446151943044,
              23.727146260775264
            ],
            [
              92.70447169984912,
              23.722630015720537
            ]
          ]
        ]
      }
    },
    {
      "type": "Feature",
      "properties": {
        "grid_id": "cell_760c8849",
        "base_slope": 28.99,
        "soil_porosity": 47.06,
        "current_risk": 0.1
      },
      "geometry": {
        "type": "Polygon",
        "coordinates": [
          [
            [
              92.70446151943044,
              23.727146260775264
            ],
            [
              92.70936705320426,
              23.7271555566761
            ],
            [
              92.7093570392752,
              23.731671801072224
            ],
            [
              92.70445133648428,
              23.731662503189423
            ],
            [
              92.70446151943044,
              23.727146260775264
            ]
          ]
        ]
      }
    },
    {
      "type": "Feature",
      "properties": {
        "grid_id": "cell_fea5644c",
        "base_slope": 44.04,
        "soil_porosity": 52.16,
        "current_risk": 0.1
      },
      "geometry": {
        "type": "Polygon",
        "coordinates": [
          [
            [
              92.70445133648428,
              23.731662503189423
            ],
            [
              92.7093570392752,
              23.731671801072224
            ],
            [
              92.70934702286027,
              23.736188042827543
            ],
            [
              92.70444115101027,
              23.736178742962647
            ],
            [
              92.70445133648428,
              23.731662503189423
            ]
          ]
        ]
      }
    },
    {
      "type": "Feature",
      "properties": {
        "grid_id": "cell_d8bb4b2f",
        "base_slope": 19.88,
        "soil_porosity": 52.32,
        "current_risk": 0.1
      },
      "geometry": {
        "type": "Polygon",
        "coordinates": [
          [
            [
              92.70444115101027,
              23.736178742962647
            ],
            [
              92.70934702286027,
              23.736188042827543
            ],
            [
              92.70933700395906,
              23.740704281941667
            ],
            [
              92.70443096300805,
              23.74069498009455
            ],
            [
              92.70444115101027,
              23.736178742962647
            ]
          ]
        ]
      }
    },
    {
      "type": "Feature",
      "properties": {
        "grid_id": "cell_67b239ec",
        "base_slope": 27.41,
        "soil_porosity": 54.27,
        "current_risk": 0.1
      },
      "geometry": {
        "type": "Polygon",
        "coordinates": [
          [
            [
              92.70443096300805,
              23.74069498009455
            ],
            [
              92.70933700395906,
              23.740704281941667
            ],
            [
              92.70932698257121,
              23.74522051841423
            ],
            [
              92.70442077247719,
              23.74521121458475
            ],
            [
              92.70443096300805,
              23.74069498009455
            ]
          ]
        ]
      }
    },
    {
      "type": "Feature",
      "properties": {
        "grid_id": "cell_550ee2e2",
        "base_slope": 18.41,
        "soil_porosity": 48.5,
        "current_risk": 0.1
      },
      "geometry": {
        "type": "Polygon",
        "coordinates": [
          [
            [
              92.70442077247719,
              23.74521121458475
            ],
            [
              92.70932698257121,
              23.74522051841423
            ],
            [
              92.70931695869635,
              23.749736752244832
            ],
            [
              92.70441057941736,
              23.749727446432864
            ],
            [
              92.70442077247719,
              23.74521121458475
            ]
          ]
        ]
      }
    },
    {
      "type": "Feature",
      "properties": {
        "grid_id": "cell_b47e2695",
        "base_slope": 28.84,
        "soil_porosity": 56.21,
        "current_risk": 0.1
      },
      "geometry": {
        "type": "Polygon",
        "coordinates": [
          [
            [
              92.70441057941736,
              23.749727446432864
            ],
            [
              92.70931695869635,
              23.749736752244832
            ],
            [
              92.70930693233407,
              23.754252983433112
            ],
            [
              92.70440038382813,
              23.754243675638527
            ],
            [
              92.70441057941736,
              23.749727446432864
            ]
          ]
        ]
      }
    },
    {
      "type": "Feature",
      "properties": {
        "grid_id": "cell_07e08bc3",
        "base_slope": 27.47,
        "soil_porosity": 47.73,
        "current_risk": 0.1
      },
      "geometry": {
        "type": "Polygon",
        "coordinates": [
          [
            [
              92.70440038382813,
              23.754243675638527
            ],
            [
              92.70930693233407,
              23.754252983433112
            ],
            [
              92.70929690348402,
              23.758769211978688
            ],
            [
              92.70439018570914,
              23.758759902201344
            ],
            [
              92.70440038382813,
              23.754243675638527
            ]
          ]
        ]
      }
    },
    {
      "type": "Feature",
      "properties": {
        "grid_id": "cell_14fd0c91",
        "base_slope": 19.98,
        "soil_porosity": 43.16,
        "current_risk": 0.1
      },
      "geometry": {
        "type": "Polygon",
        "coordinates": [
          [
            [
              92.70439018570914,
              23.758759902201344
            ],
            [
              92.70929690348402,
              23.758769211978688
            ],
            [
              92.70928687214578,
              23.76328543788117
            ],
            [
              92.70437998505999,
              23.763276126120928
            ],
            [
              92.70439018570914,
              23.758759902201344
            ]
          ]
        ]
      }
    },
    {
      "type": "Feature",
      "properties": {
        "grid_id": "cell_304fedb6",
        "base_slope": 32.74,
        "soil_porosity": 53.76,
        "current_risk": 0.1
      },
      "geometry": {
        "type": "Polygon",
        "coordinates": [
          [
            [
              92.70942708459624,
              23.700058034863716
            ],
            [
              92.71433160763141,
              23.700067163488647
            ],
            [
              92.71432177737557,
              23.704583425669632
            ],
            [
              92.70941708557453,
              23.704574295096695
            ],
            [
              92.70942708459624,
              23.700058034863716
            ]
          ]
        ]
      }
    },
    {
      "type": "Feature",
      "properties": {
        "grid_id": "cell_8a269d59",
        "base_slope": 18.6,
        "soil_porosity": 49.99,
        "current_risk": 0.1
      },
      "geometry": {
        "type": "Polygon",
        "coordinates": [
          [
            [
              92.70941708557453,
              23.704574295096695
            ],
            [
              92.71432177737557,
              23.704583425669632
            ],
            [
              92.71431194467806,
              23.70909968521222
            ],
            [
              92.70940708406921,
              23.70909055269114
            ],
            [
              92.70941708557453,
              23.704574295096695
            ]
          ]
        ]
      }
    },
    {
      "type": "Feature",
      "properties": {
        "grid_id": "cell_84e626a7",
        "base_slope": 33.64,
        "soil_porosity": 43.31,
        "current_risk": 0.1
      },
      "geometry": {
        "type": "Polygon",
        "coordinates": [
          [
            [
              92.70940708406921,
              23.70909055269114
            ],
            [
              92.71431194467806,
              23.70909968521222
            ],
            [
              92.71430210953847,
              23.713615942116043
            ],
            [
              92.70939708007991,
              23.713606807646695
            ],
            [
              92.70940708406921,
              23.70909055269114
            ]
          ]
        ]
      }
    },
    {
      "type": "Feature",
      "properties": {
        "grid_id": "cell_e3a8b17e",
        "base_slope": 29.07,
        "soil_porosity": 55.32,
        "current_risk": 0.1
      },
      "geometry": {
        "type": "Polygon",
        "coordinates": [
          [
            [
              92.70939708007991,
              23.713606807646695
            ],
            [
              92.71430210953847,
              23.713615942116043
            ],
            [
              92.71429227195644,
              23.718132196380697
            ],
            [
              92.70938707360624,
              23.71812305996295
            ],
            [
              92.70939708007991,
              23.713606807646695
            ]
          ]
        ]
      }
    },
    {
      "type": "Feature",
      "properties": {
        "grid_id": "cell_800f7ce9",
        "base_slope": 43.51,
        "soil_porosity": 51.39,
        "current_risk": 0.1
      },
      "geometry": {
        "type": "Polygon",
        "coordinates": [
          [
            [
              92.70938707360624,
              23.71812305996295
            ],
            [
              92.71429227195644,
              23.718132196380697
            ],
            [
              92.71428243193161,
              23.72264844800582
            ],
            [
              92.70937706464781,
              23.72263930963955
            ],
            [
              92.70938707360624,
              23.71812305996295
            ]
          ]
        ]
      }
    },
    {
      "type": "Feature",
      "properties": {
        "grid_id": "cell_0b7dc231",
        "base_slope": 23.11,
        "soil_porosity": 55.44,
        "current_risk": 0.1
      },
      "geometry": {
        "type": "Polygon",
        "coordinates": [
          [
            [
              92.70937706464781,
              23.72263930963955
            ],
            [
              92.71428243193161,
              23.72264844800582
            ],
            [
              92.71427258946359,
              23.727164696991032
            ],
            [
              92.70936705320426,
              23.7271555566761
            ],
            [
              92.70937706464781,
              23.72263930963955
            ]
          ]
        ]
      }
    },
    {
      "type": "Feature",
      "properties": {
        "grid_id": "cell_12b133cb",
        "base_slope": 15.91,
        "soil_porosity": 54.87,
        "current_risk": 0.1
      },
      "geometry": {
        "type": "Polygon",
        "coordinates": [
          [
            [
              92.70936705320426,
              23.7271555566761
            ],
            [
              92.71427258946359,
              23.727164696991032
            ],
            [
              92.71426274455203,
              23.731680943335938
            ],
            [
              92.7093570392752,
              23.731671801072224
            ],
            [
              92.70936705320426,
              23.7271555566761
            ]
          ]
        ]
      }
    },
    {
      "type": "Feature",
      "properties": {
        "grid_id": "cell_ec4eb7dc",
        "base_slope": 36.65,
        "soil_porosity": 53.31,
        "current_risk": 0.1
      },
      "geometry": {
        "type": "Polygon",
        "coordinates": [
          [
            [
              92.7093570392752,
              23.731671801072224
            ],
            [
              92.71426274455203,
              23.731680943335938
            ],
            [
              92.71425289719653,
              23.736197187040172
            ],
            [
              92.70934702286027,
              23.736188042827543
            ],
            [
              92.7093570392752,
              23.731671801072224
            ]
          ]
        ]
      }
    },
    {
      "type": "Feature",
      "properties": {
        "grid_id": "cell_1a409430",
        "base_slope": 16.61,
        "soil_porosity": 52.5,
        "current_risk": 0.1
      },
      "geometry": {
        "type": "Polygon",
        "coordinates": [
          [
            [
              92.70934702286027,
              23.736188042827543
            ],
            [
              92.71425289719653,
              23.736197187040172
            ],
            [
              92.71424304739672,
              23.740713428103355
            ],
            [
              92.70933700395906,
              23.740704281941667
            ],
            [
              92.70934702286027,
              23.736188042827543
            ]
          ]
        ]
      }
    },
    {
      "type": "Feature",
      "properties": {
        "grid_id": "cell_df885753",
        "base_slope": 41.1,
        "soil_porosity": 42.73,
        "current_risk": 0.1
      },
      "geometry": {
        "type": "Polygon",
        "coordinates": [
          [
            [
              92.70933700395906,
              23.740704281941667
            ],
            [
              92.71424304739672,
              23.740713428103355
            ],
            [
              92.71423319515225,
              23.74522966652509
            ],
            [
              92.70932698257121,
              23.74522051841423
            ],
            [
              92.70933700395906,
              23.740704281941667
            ]
          ]
        ]
      }
    },
    {
      "type": "Feature",
      "properties": {
        "grid_id": "cell_fc9245e6",
        "base_slope": 25.38,
        "soil_porosity": 51.89,
        "current_risk": 0.1
      },
      "geometry": {
        "type": "Polygon",
        "coordinates": [
          [
            [
              92.70932698257121,
              23.74522051841423
            ],
            [
              92.71423319515225,
              23.74522966652509
            ],
            [
              92.71422334046272,
              23.749745902305012
            ],
            [
              92.70931695869635,
              23.749736752244832
            ],
            [
              92.70932698257121,
              23.74522051841423
            ]
          ]
        ]
      }
    },
    {
      "type": "Feature",
      "properties": {
        "grid_id": "cell_1f2c5d56",
        "base_slope": 24.78,
        "soil_porosity": 54.19,
        "current_risk": 0.1
      },
      "geometry": {
        "type": "Polygon",
        "coordinates": [
          [
            [
              92.70931695869635,
              23.749736752244832
            ],
            [
              92.71422334046272,
              23.749745902305012
            ],
            [
              92.71421348332778,
              23.75426213544273
            ],
            [
              92.70930693233407,
              23.754252983433112
            ],
            [
              92.70931695869635,
              23.749736752244832
            ]
          ]
        ]
      }
    },
    {
      "type": "Feature",
      "properties": {
        "grid_id": "cell_c9ef5ae0",
        "base_slope": 29.06,
        "soil_porosity": 55.35,
        "current_risk": 0.1
      },
      "geometry": {
        "type": "Polygon",
        "coordinates": [
          [
            [
              92.70930693233407,
              23.754252983433112
            ],
            [
              92.71421348332778,
              23.75426213544273
            ],
            [
              92.71420362374704,
              23.75877836593787
            ],
            [
              92.70929690348402,
              23.758769211978688
            ],
            [
              92.70930693233407,
              23.754252983433112
            ]
          ]
        ]
      }
    },
    {
      "type": "Feature",
      "properties": {
        "grid_id": "cell_ccb870d1",
        "base_slope": 19.1,
        "soil_porosity": 46.57,
        "current_risk": 0.1
      },
      "geometry": {
        "type": "Polygon",
        "coordinates": [
          [
            [
              92.70929690348402,
              23.758769211978688
            ],
            [
              92.71420362374704,
              23.75877836593787
            ],
            [
              92.71419376172014,
              23.76329459379006
            ],
            [
              92.70928687214578,
              23.76328543788117
            ],
            [
              92.70929690348402,
              23.758769211978688
            ]
          ]
        ]
      }
    },
    {
      "type": "Feature",
      "properties": {
        "grid_id": "cell_ea544f21",
        "base_slope": 30.72,
        "soil_porosity": 52.38,
        "current_risk": 0.1
      },
      "geometry": {
        "type": "Polygon",
        "coordinates": [
          [
            [
              92.71433160763141,
              23.700067163488647
            ],
            [
              92.7192361331079,
              23.70007613672634
            ],
            [
              92.71922647161831,
              23.704592400822175
            ],
            [
              92.71432177737557,
              23.704583425669632
            ],
            [
              92.71433160763141,
              23.700067163488647
            ]
          ]
        ]
      }
    },
    {
      "type": "Feature",
      "properties": {
        "grid_id": "cell_8a3e0a5a",
        "base_slope": 19.89,
        "soil_porosity": 50.69,
        "current_risk": 0.1
      },
      "geometry": {
        "type": "Polygon",
        "coordinates": [
          [
            [
              92.71432177737557,
              23.704583425669632
            ],
            [
              92.71922647161831,
              23.704592400822175
            ],
            [
              92.71921680772896,
              23.70910866227974
            ],
            [
              92.71431194467806,
              23.70909968521222
            ],
            [
              92.71432177737557,
              23.704583425669632
            ]
          ]
        ]
      }
    },
    {
      "type": "Feature",
      "properties": {
        "grid_id": "cell_f3e92ea0",
        "base_slope": 45.14,
        "soil_porosity": 51.79,
        "current_risk": 0.1
      },
      "geometry": {
        "type": "Polygon",
        "coordinates": [
          [
            [
              92.71431194467806,
              23.70909968521222
            ],
            [
              92.71921680772896,
              23.70910866227974
            ],
            [
              92.71920714143947,
              23.713624921098667
            ],
            [
              92.71430210953847,
              23.713615942116043
            ],
            [
              92.71431194467806,
              23.70909968521222
            ]
          ]
        ]
      }
    },
    {
      "type": "Feature",
      "properties": {
        "grid_id": "cell_179ad522",
        "base_slope": 36.93,
        "soil_porosity": 56.94,
        "current_risk": 0.1
      },
      "geometry": {
        "type": "Polygon",
        "coordinates": [
          [
            [
              92.71430210953847,
              23.713615942116043
            ],
            [
              92.71920714143947,
              23.713624921098667
            ],
            [
              92.71919747274947,
              23.718141177278554
            ],
            [
              92.71429227195644,
              23.718132196380697
            ],
            [
              92.71430210953847,
              23.713615942116043
            ]
          ]
        ]
      }
    },
    {
      "type": "Feature",
      "properties": {
        "grid_id": "cell_da9acb3e",
        "base_slope": 28.7,
        "soil_porosity": 42.63,
        "current_risk": 0.1
      },
      "geometry": {
        "type": "Polygon",
        "coordinates": [
          [
            [
              92.71429227195644,
              23.718132196380697
            ],
            [
              92.71919747274947,
              23.718141177278554
            ],
            [
              92.71918780165859,
              23.72265743081904
            ],
            [
              92.71428243193161,
              23.72264844800582
            ],
            [
              92.71429227195644,
              23.718132196380697
            ]
          ]
        ]
      }
    },
    {
      "type": "Feature",
      "properties": {
        "grid_id": "cell_ef1e6f04",
        "base_slope": 47.13,
        "soil_porosity": 47.99,
        "current_risk": 0.1
      },
      "geometry": {
        "type": "Polygon",
        "coordinates": [
          [
            [
              92.71428243193161,
              23.72264844800582
            ],
            [
              92.71918780165859,
              23.72265743081904
            ],
            [
              92.71917812816649,
              23.727173681719737
            ],
            [
              92.71427258946359,
              23.727164696991032
            ],
            [
              92.71428243193161,
              23.72264844800582
            ]
          ]
        ]
      }
    },
    {
      "type": "Feature",
      "properties": {
        "grid_id": "cell_80a1ed66",
        "base_slope": 40.56,
        "soil_porosity": 57.96,
        "current_risk": 0.1
      },
      "geometry": {
        "type": "Polygon",
        "coordinates": [
          [
            [
              92.71427258946359,
              23.727164696991032
            ],
            [
              92.71917812816649,
              23.727173681719737
            ],
            [
              92.71916845227277,
              23.731689929980263
            ],
            [
              92.71426274455203,
              23.731680943335938
            ],
            [
              92.71427258946359,
              23.727164696991032
            ]
          ]
        ]
      }
    },
    {
      "type": "Feature",
      "properties": {
        "grid_id": "cell_bee6bf25",
        "base_slope": 19.05,
        "soil_porosity": 46.57,
        "current_risk": 0.1
      },
      "geometry": {
        "type": "Polygon",
        "coordinates": [
          [
            [
              92.71426274455203,
              23.731680943335938
            ],
            [
              92.71916845227277,
              23.731689929980263
            ],
            [
              92.71915877397709,
              23.73620617560025
            ],
            [
              92.71425289719653,
              23.736197187040172
            ],
            [
              92.71426274455203,
              23.731680943335938
            ]
          ]
        ]
      }
    },
    {
      "type": "Feature",
      "properties": {
        "grid_id": "cell_752e214d",
        "base_slope": 36.2,
        "soil_porosity": 54.88,
        "current_risk": 0.1
      },
      "geometry": {
        "type": "Polygon",
        "coordinates": [
          [
            [
              92.71425289719653,
              23.736197187040172
            ],
            [
              92.71915877397709,
              23.73620617560025
            ],
            [
              92.71914909327906,
              23.740722418579296
            ],
            [
              92.71424304739672,
              23.740713428103355
            ],
            [
              92.71425289719653,
              23.736197187040172
            ]
          ]
        ]
      }
    },
    {
      "type": "Feature",
      "properties": {
        "grid_id": "cell_74645a3e",
        "base_slope": 31.04,
        "soil_porosity": 53.39,
        "current_risk": 0.1
      },
      "geometry": {
        "type": "Polygon",
        "coordinates": [
          [
            [
              92.71424304739672,
              23.740713428103355
            ],
            [
              92.71914909327906,
              23.740722418579296
            ],
            [
              92.71913941017833,
              23.74523865891703
            ],
            [
              92.71423319515225,
              23.74522966652509
            ],
            [
              92.71424304739672,
              23.740713428103355
            ]
          ]
        ]
      }
    },
    {
      "type": "Feature",
      "properties": {
        "grid_id": "cell_5119c7b6",
        "base_slope": 35.32,
        "soil_porosity": 49.06,
        "current_risk": 0.1
      },
      "geometry": {
        "type": "Polygon",
        "coordinates": [
          [
            [
              92.71423319515225,
              23.74522966652509
            ],
            [
              92.71913941017833,
              23.74523865891703
            ],
            [
              92.71912972467453,
              23.749754896613084
            ],
            [
              92.71422334046272,
              23.749745902305012
            ],
            [
              92.71423319515225,
              23.74522966652509
            ]
          ]
        ]
      }
    },
    {
      "type": "Feature",
      "properties": {
        "grid_id": "cell_44993208",
        "base_slope": 23.38,
        "soil_porosity": 50.17,
        "current_risk": 0.1
      },
      "geometry": {
        "type": "Polygon",
        "coordinates": [
          [
            [
              92.71422334046272,
              23.749745902305012
            ],
            [
              92.71912972467453,
              23.749754896613084
            ],
            [
              92.7191200367673,
              23.75427113166706
            ],
            [
              92.71421348332778,
              23.75426213544273
            ],
            [
              92.71422334046272,
              23.749745902305012
            ]
          ]
        ]
      }
    },
    {
      "type": "Feature",
      "properties": {
        "grid_id": "cell_e54f468c",
        "base_slope": 25.0,
        "soil_porosity": 50.52,
        "current_risk": 0.1
      },
      "geometry": {
        "type": "Polygon",
        "coordinates": [
          [
            [
              92.71421348332778,
              23.75426213544273
            ],
            [
              92.7191200367673,
              23.75427113166706
            ],
            [
              92.71911034645625,
              23.75878736407859
            ],
            [
              92.71420362374704,
              23.75877836593787
            ],
            [
              92.71421348332778,
              23.75426213544273
            ]
          ]
        ]
      }
    },
    {
      "type": "Feature",
      "properties": {
        "grid_id": "cell_3aa885f8",
        "base_slope": 42.97,
        "soil_porosity": 43.9,
        "current_risk": 0.1
      },
      "geometry": {
        "type": "Polygon",
        "coordinates": [
          [
            [
              92.71420362374704,
              23.75877836593787
            ],
            [
              92.71911034645625,
              23.75878736407859
            ],
            [
              92.71910065374102,
              23.76330359384729
            ],
            [
              92.71419376172014,
              23.76329459379006
            ],
            [
              92.71420362374704,
              23.75877836593787
            ]
          ]
        ]
      }
    },
    {
      "type": "Feature",
      "properties": {
        "grid_id": "cell_51a7ec86",
        "base_slope": 36.94,
        "soil_porosity": 56.74,
        "current_risk": 0.1
      },
      "geometry": {
        "type": "Polygon",
        "coordinates": [
          [
            [
              92.7192361331079,
              23.70007613672634
            ],
            [
              92.72414066098379,
              23.7000849545765
            ],
            [
              92.72413116826083,
              23.704601220554018
            ],
            [
              92.71922647161831,
              23.704592400822175
            ],
            [
              92.7192361331079,
              23.70007613672634
            ]
          ]
        ]
      }
    },
    {
      "type": "Feature",
      "properties": {
        "grid_id": "cell_fc3bcf06",
        "base_slope": 47.86,
        "soil_porosity": 47.91,
        "current_risk": 0.1
      },
      "geometry": {
        "type": "Polygon",
        "coordinates": [
          [
            [
              92.71922647161831,
              23.704592400822175
            ],
            [
              92.72413116826083,
              23.704601220554018
            ],
            [
              92.72412167318001,
              23.709117483893394
            ],
            [
              92.71921680772896,
              23.70910866227974
            ],
            [
              92.71922647161831,
              23.704592400822175
            ]
          ]
        ]
      }
    },
    {
      "type": "Feature",
      "properties": {
        "grid_id": "cell_7ae822cd",
        "base_slope": 15.05,
        "soil_porosity": 50.3,
        "current_risk": 0.1
      },
      "geometry": {
        "type": "Polygon",
        "coordinates": [
          [
            [
              92.71921680772896,
              23.70910866227974
            ],
            [
              92.72412167318001,
              23.709117483893394
            ],
            [
              92.72411217574097,
              23.71363374459426
            ],
            [
              92.71920714143947,
              23.713624921098667
            ],
            [
              92.71921680772896,
              23.70910866227974
            ]
          ]
        ]
      }
    },
    {
      "type": "Feature",
      "properties": {
        "grid_id": "cell_59edd3e1",
        "base_slope": 47.64,
        "soil_porosity": 46.07,
        "current_risk": 0.1
      },
      "geometry": {
        "type": "Polygon",
        "coordinates": [
          [
            [
              92.71920714143947,
              23.713624921098667
            ],
            [
              92.72411217574097,
              23.71363374459426
            ],
            [
              92.72410267594336,
              23.71815000265622
            ],
            [
              92.71919747274947,
              23.718141177278554
            ],
            [
              92.71920714143947,
              23.713624921098667
            ]
          ]
        ]
      }
    },
    {
      "type": "Feature",
      "properties": {
        "grid_id": "cell_c713bc20",
        "base_slope": 18.32,
        "soil_porosity": 57.17,
        "current_risk": 0.1
      },
      "geometry": {
        "type": "Polygon",
        "coordinates": [
          [
            [
              92.71919747274947,
              23.718141177278554
            ],
            [
              92.72410267594336,
              23.71815000265622
            ],
            [
              92.72409317378681,
              23.722666258078892
            ],
            [
              92.71918780165859,
              23.72265743081904
            ],
            [
              92.71919747274947,
              23.718141177278554
            ]
          ]
        ]
      }
    },
    {
      "type": "Feature",
      "properties": {
        "grid_id": "cell_7211bab1",
        "base_slope": 17.73,
        "soil_porosity": 50.34,
        "current_risk": 0.1
      },
      "geometry": {
        "type": "Polygon",
        "coordinates": [
          [
            [
              92.71918780165859,
              23.72265743081904
            ],
            [
              92.72409317378681,
              23.722666258078892
            ],
            [
              92.72408366927098,
              23.727182510861912
            ],
            [
              92.71917812816649,
              23.727173681719737
            ],
            [
              92.71918780165859,
              23.72265743081904
            ]
          ]
        ]
      }
    },
    {
      "type": "Feature",
      "properties": {
        "grid_id": "cell_7465cf0b",
        "base_slope": 17.53,
        "soil_porosity": 52.01,
        "current_risk": 0.1
      },
      "geometry": {
        "type": "Polygon",
        "coordinates": [
          [
            [
              92.71917812816649,
              23.727173681719737
            ],
            [
              92.72408366927098,
              23.727182510861912
            ],
            [
              92.72407416239548,
              23.731698761004886
            ],
            [
              92.71916845227277,
              23.731689929980263
            ],
            [
              92.71917812816649,
              23.727173681719737
            ]
          ]
        ]
      }
    },
    {
      "type": "Feature",
      "properties": {
        "grid_id": "cell_a378c81e",
        "base_slope": 39.05,
        "soil_porosity": 49.24,
        "current_risk": 0.1
      },
      "geometry": {
        "type": "Polygon",
        "coordinates": [
          [
            [
              92.71916845227277,
              23.731689929980263
            ],
            [
              92.72407416239548,
              23.731698761004886
            ],
            [
              92.72406465315999,
              23.736215008507436
            ],
            [
              92.71915877397709,
              23.73620617560025
            ],
            [
              92.71916845227277,
              23.731689929980263
            ]
          ]
        ]
      }
    },
    {
      "type": "Feature",
      "properties": {
        "grid_id": "cell_8daf8945",
        "base_slope": 35.21,
        "soil_porosity": 57.68,
        "current_risk": 0.1
      },
      "geometry": {
        "type": "Polygon",
        "coordinates": [
          [
            [
              92.71915877397709,
              23.73620617560025
            ],
            [
              92.72406465315999,
              23.736215008507436
            ],
            [
              92.7240551415641,
              23.740731253369177
            ],
            [
              92.71914909327906,
              23.740722418579296
            ],
            [
              92.71915877397709,
              23.73620617560025
            ]
          ]
        ]
      }
    },
    {
      "type": "Feature",
      "properties": {
        "grid_id": "cell_8ce4c3fb",
        "base_slope": 16.07,
        "soil_porosity": 46.81,
        "current_risk": 0.1
      },
      "geometry": {
        "type": "Polygon",
        "coordinates": [
          [
            [
              92.71914909327906,
              23.740722418579296
            ],
            [
              92.7240551415641,
              23.740731253369177
            ],
            [
              92.72404562760748,
              23.74524749558974
            ],
            [
              92.71913941017833,
              23.74523865891703
            ],
            [
              92.71914909327906,
              23.740722418579296
            ]
          ]
        ]
      }
    },
    {
      "type": "Feature",
      "properties": {
        "grid_id": "cell_e4c1a6ce",
        "base_slope": 42.48,
        "soil_porosity": 43.47,
        "current_risk": 0.1
      },
      "geometry": {
        "type": "Polygon",
        "coordinates": [
          [
            [
              92.71913941017833,
              23.74523865891703
            ],
            [
              92.72404562760748,
              23.74524749558974
            ],
            [
              92.72403611128978,
              23.749763735168735
            ],
            [
              92.71912972467453,
              23.749754896613084
            ],
            [
              92.71913941017833,
              23.74523865891703
            ]
          ]
        ]
      }
    },
    {
      "type": "Feature",
      "properties": {
        "grid_id": "cell_acb63aaa",
        "base_slope": 44.47,
        "soil_porosity": 40.36,
        "current_risk": 0.1
      },
      "geometry": {
        "type": "Polygon",
        "coordinates": [
          [
            [
              92.71912972467453,
              23.749754896613084
            ],
            [
              92.72403611128978,
              23.749763735168735
            ],
            [
              92.7240265926106,
              23.754279972105792
            ],
            [
              92.7191200367673,
              23.75427113166706
            ],
            [
              92.71912972467453,
              23.749754896613084
            ]
          ]
        ]
      }
    },
    {
      "type": "Feature",
      "properties": {
        "grid_id": "cell_73ca864f",
        "base_slope": 33.85,
        "soil_porosity": 56.59,
        "current_risk": 0.1
      },
      "geometry": {
        "type": "Polygon",
        "coordinates": [
          [
            [
              92.7191200367673,
              23.75427113166706
            ],
            [
              92.7240265926106,
              23.754279972105792
            ],
            [
              92.72401707156962,
              23.758796206400522
            ],
            [
              92.71911034645625,
              23.75878736407859
            ],
            [
              92.7191200367673,
              23.75427113166706
            ]
          ]
        ]
      }
    },
    {
      "type": "Feature",
      "properties": {
        "grid_id": "cell_9cc50aaf",
        "base_slope": 43.68,
        "soil_porosity": 48.06,
        "current_risk": 0.1
      },
      "geometry": {
        "type": "Polygon",
        "coordinates": [
          [
            [
              92.71911034645625,
              23.75878736407859
            ],
            [
              92.72401707156962,
              23.758796206400522
            ],
            [
              92.72400754816645,
              23.763312438052544
            ],
            [
              92.71910065374102,
              23.76330359384729
            ],
            [
              92.71911034645625,
              23.75878736407859
            ]
          ]
        ]
      }
    },
    {
      "type": "Feature",
      "properties": {
        "grid_id": "cell_6a8232c9",
        "base_slope": 47.61,
        "soil_porosity": 53.74,
        "current_risk": 0.1
      },
      "geometry": {
        "type": "Polygon",
        "coordinates": [
          [
            [
              92.72414066098379,
              23.7000849545765
            ],
            [
              92.72904519121718,
              23.7000936170388
            ],
            [
              92.7290358672612,
              23.704609884864848
            ],
            [
              92.72413116826083,
              23.704601220554018
            ],
            [
              92.72414066098379,
              23.7000849545765
            ]
          ]
        ]
      }
    },
    {
      "type": "Feature",
      "properties": {
        "grid_id": "cell_f64ef646",
        "base_slope": 15.49,
        "soil_porosity": 56.51,
        "current_risk": 0.1
      },
      "geometry": {
        "type": "Polygon",
        "coordinates": [
          [
            [
              92.72413116826083,
              23.704601220554018
            ],
            [
              92.7290358672612,
              23.704609884864848
            ],
            [
              92.72902654098927,
              23.70912615005289
            ],
            [
              92.72412167318001,
              23.709117483893394
            ],
            [
              92.72413116826083,
              23.704601220554018
            ]
          ]
        ]
      }
    },
    {
      "type": "Feature",
      "properties": {
        "grid_id": "cell_d2f5b142",
        "base_slope": 26.14,
        "soil_porosity": 42.29,
        "current_risk": 0.1
      },
      "geometry": {
        "type": "Polygon",
        "coordinates": [
          [
            [
              92.72412167318001,
              23.709117483893394
            ],
            [
              92.72902654098927,
              23.70912615005289
            ],
            [
              92.72901721240106,
              23.71364241260253
            ],
            [
              92.72411217574097,
              23.71363374459426
            ],
            [
              92.72412167318001,
              23.709117483893394
            ]
          ]
        ]
      }
    },
    {
      "type": "Feature",
      "properties": {
        "grid_id": "cell_e5685d45",
        "base_slope": 21.93,
        "soil_porosity": 50.96,
        "current_risk": 0.1
      },
      "geometry": {
        "type": "Polygon",
        "coordinates": [
          [
            [
              92.72411217574097,
              23.71363374459426
            ],
            [
              92.72901721240106,
              23.71364241260253
            ],
            [
              92.72900788149619,
              23.718158672513386
            ],
            [
              92.72410267594336,
              23.71815000265622
            ],
            [
              92.72411217574097,
              23.71363374459426
            ]
          ]
        ]
      }
    },
    {
      "type": "Feature",
      "properties": {
        "grid_id": "cell_b385bdd5",
        "base_slope": 30.36,
        "soil_porosity": 54.39,
        "current_risk": 0.1
      },
      "geometry": {
        "type": "Polygon",
        "coordinates": [
          [
            [
              92.72410267594336,
              23.71815000265622
            ],
            [
              92.72900788149619,
              23.718158672513386
            ],
            [
              92.72899854827433,
              23.72267492978509
            ],
            [
              92.72409317378681,
              23.722666258078892
            ],
            [
              92.72410267594336,
              23.71815000265622
            ]
          ]
        ]
      }
    },
    {
      "type": "Feature",
      "properties": {
        "grid_id": "cell_c02e70ab",
        "base_slope": 17.65,
        "soil_porosity": 49.08,
        "current_risk": 0.1
      },
      "geometry": {
        "type": "Polygon",
        "coordinates": [
          [
            [
              92.72409317378681,
              23.722666258078892
            ],
            [
              92.72899854827433,
              23.72267492978509
            ],
            [
              92.72898921273513,
              23.727191184417254
            ],
            [
              92.72408366927098,
              23.727182510861912
            ],
            [
              92.72409317378681,
              23.722666258078892
            ]
          ]
        ]
      }
    },
    {
      "type": "Feature",
      "properties": {
        "grid_id": "cell_75b8ab82",
        "base_slope": 34.7,
        "soil_porosity": 49.83,
        "current_risk": 0.1
      },
      "geometry": {
        "type": "Polygon",
        "coordinates": [
          [
            [
              92.72408366927098,
              23.727182510861912
            ],
            [
              92.72898921273513,
              23.727191184417254
            ],
            [
              92.72897987487822,
              23.7317074364095
            ],
            [
              92.72407416239548,
              23.731698761004886
            ],
            [
              92.72408366927098,
              23.727182510861912
            ]
          ]
        ]
      }
    },
    {
      "type": "Feature",
      "properties": {
        "grid_id": "cell_26d43ed8",
        "base_slope": 43.22,
        "soil_porosity": 43.01,
        "current_risk": 0.1
      },
      "geometry": {
        "type": "Polygon",
        "coordinates": [
          [
            [
              92.72407416239548,
              23.731698761004886
            ],
            [
              92.72897987487822,
              23.7317074364095
            ],
            [
              92.72897053470325,
              23.736223685761445
            ],
            [
              92.72406465315999,
              23.736215008507436
            ],
            [
              92.72407416239548,
              23.731698761004886
            ]
          ]
        ]
      }
    },
    {
      "type": "Feature",
      "properties": {
        "grid_id": "cell_b3c0e09b",
        "base_slope": 46.04,
        "soil_porosity": 50.23,
        "current_risk": 0.1
      },
      "geometry": {
        "type": "Polygon",
        "coordinates": [
          [
            [
              92.72406465315999,
              23.736215008507436
            ],
            [
              92.72897053470325,
              23.736223685761445
            ],
            [
              92.72896119220987,
              23.74073993247271
            ],
            [
              92.7240551415641,
              23.740731253369177
            ],
            [
              92.72406465315999,
              23.736215008507436
            ]
          ]
        ]
      }
    },
    {
      "type": "Feature",
      "properties": {
        "grid_id": "cell_314bfcbf",
        "base_slope": 30.45,
        "soil_porosity": 40.41,
        "current_risk": 0.1
      },
      "geometry": {
        "type": "Polygon",
        "coordinates": [
          [
            [
              92.7240551415641,
              23.740731253369177
            ],
            [
              92.72896119220987,
              23.74073993247271
            ],
            [
              92.72895184739772,
              23.745256176542913
            ],
            [
              92.72404562760748,
              23.74524749558974
            ],
            [
              92.7240551415641,
              23.740731253369177
            ]
          ]
        ]
      }
    },
    {
      "type": "Feature",
      "properties": {
        "grid_id": "cell_0c3d59a8",
        "base_slope": 46.84,
        "soil_porosity": 45.15,
        "current_risk": 0.1
      },
      "geometry": {
        "type": "Polygon",
        "coordinates": [
          [
            [
              92.72404562760748,
              23.74524749558974
            ],
            [
              92.72895184739772,
              23.745256176542913
            ],
            [
              92.72894250026647,
              23.74977241797168
            ],
            [
              92.72403611128978,
              23.749763735168735
            ],
            [
              92.72404562760748,
              23.74524749558974
            ]
          ]
        ]
      }
    },
    {
      "type": "Feature",
      "properties": {
        "grid_id": "cell_090b74af",
        "base_slope": 21.74,
        "soil_porosity": 51.2,
        "current_risk": 0.1
      },
      "geometry": {
        "type": "Polygon",
        "coordinates": [
          [
            [
              92.72403611128978,
              23.749763735168735
            ],
            [
              92.72894250026647,
              23.74977241797168
            ],
            [
              92.72893315081573,
              23.754288656758625
            ],
            [
              92.7240265926106,
              23.754279972105792
            ],
            [
              92.72403611128978,
              23.749763735168735
            ]
          ]
        ]
      }
    },
    {
      "type": "Feature",
      "properties": {
        "grid_id": "cell_b34afca5",
        "base_slope": 24.34,
        "soil_porosity": 55.85,
        "current_risk": 0.1
      },
      "geometry": {
        "type": "Polygon",
        "coordinates": [
          [
            [
              92.7240265926106,
              23.754279972105792
            ],
            [
              92.72893315081573,
              23.754288656758625
            ],
            [
              92.72892379904516,
              23.758804892903367
            ],
            [
              92.72401707156962,
              23.758796206400522
            ],
            [
              92.7240265926106,
              23.754279972105792
            ]
          ]
        ]
      }
    },
    {
      "type": "Feature",
      "properties": {
        "grid_id": "cell_2183c68a",
        "base_slope": 30.09,
        "soil_porosity": 56.66,
        "current_risk": 0.1
      },
      "geometry": {
        "type": "Polygon",
        "coordinates": [
          [
            [
              92.72401707156962,
              23.758796206400522
            ],
            [
              92.72892379904516,
              23.758804892903367
            ],
            [
              92.72891444495443,
              23.763321126405533
            ],
            [
              92.72400754816645,
              23.763312438052544
            ],
            [
              92.72401707156962,
              23.758796206400522
            ]
          ]
        ]
      }
    },
    {
      "type": "Feature",
      "properties": {
        "grid_id": "cell_e60bec69",
        "base_slope": 28.45,
        "soil_porosity": 50.98,
        "current_risk": 0.1
      },
      "geometry": {
        "type": "Polygon",
        "coordinates": [
          [
            [
              92.72904519121718,
              23.7000936170388
            ],
            [
              92.73394972376617,
              23.70010212411296
            ],
            [
              92.73394056857751,
              23.704618393754384
            ],
            [
              92.7290358672612,
              23.704609884864848
            ],
            [
              92.72904519121718,
              23.7000936170388
            ]
          ]
        ]
      }
    },
    {
      "type": "Feature",
      "properties": {
        "grid_id": "cell_27bf12b1",
        "base_slope": 23.28,
        "soil_porosity": 49.24,
        "current_risk": 0.1
      },
      "geometry": {
        "type": "Polygon",
        "coordinates": [
          [
            [
              92.7290358672612,
              23.704609884864848
            ],
            [
              92.73394056857751,
              23.704618393754384
            ],
            [
              92.73393141111482,
              23.709134660757915
            ],
            [
              92.72902654098927,
              23.70912615005289
            ],
            [
              92.7290358672612,
              23.704609884864848
            ]
          ]
        ]
      }
    },
    {
      "type": "Feature",
      "properties": {
        "grid_id": "cell_daa502c3",
        "base_slope": 23.45,
        "soil_porosity": 56.38,
        "current_risk": 0.1
      },
      "geometry": {
        "type": "Polygon",
        "coordinates": [
          [
            [
              92.72902654098927,
              23.70912615005289
            ],
            [
              92.73393141111482,
              23.709134660757915
            ],
            [
              92.73392225137778,
              23.71365092512317
            ],
            [
              92.72901721240106,
              23.71364241260253
            ],
            [
              92.72902654098927,
              23.70912615005289
            ]
          ]
        ]
      }
    },
    {
      "type": "Feature",
      "properties": {
        "grid_id": "cell_bdd3ad05",
        "base_slope": 28.81,
        "soil_porosity": 55.11,
        "current_risk": 0.1
      },
      "geometry": {
        "type": "Polygon",
        "coordinates": [
          [
            [
              92.72901721240106,
              23.71364241260253
            ],
            [
              92.73392225137778,
              23.71365092512317
            ],
            [
              92.73391308936603,
              23.718167186849765
            ],
            [
              92.72900788149619,
              23.718158672513386
            ],
            [
              92.72901721240106,
              23.71364241260253
            ]
          ]
        ]
      }
    },
    {
      "type": "Feature",
      "properties": {
        "grid_id": "cell_01bcbbf5",
        "base_slope": 41.79,
        "soil_porosity": 47.85,
        "current_risk": 0.1
      },
      "geometry": {
        "type": "Polygon",
        "coordinates": [
          [
            [
              92.72900788149619,
              23.718158672513386
            ],
            [
              92.73391308936603,
              23.718167186849765
            ],
            [
              92.7339039250792,
              23.72268344593732
            ],
            [
              92.72899854827433,
              23.72267492978509
            ],
            [
              92.72900788149619,
              23.718158672513386
            ]
          ]
        ]
      }
    },
    {
      "type": "Feature",
      "properties": {
        "grid_id": "cell_5398050d",
        "base_slope": 28.24,
        "soil_porosity": 54.18,
        "current_risk": 0.1
      },
      "geometry": {
        "type": "Polygon",
        "coordinates": [
          [
            [
              92.72899854827433,
              23.72267492978509
            ],
            [
              92.7339039250792,
              23.72268344593732
            ],
            [
              92.73389475851698,
              23.727199702385466
            ],
            [
              92.72898921273513,
              23.727191184417254
            ],
            [
              92.72899854827433,
              23.72267492978509
            ]
          ]
        ]
      }
    },
    {
      "type": "Feature",
      "properties": {
        "grid_id": "cell_11ba1091",
        "base_slope": 20.79,
        "soil_porosity": 49.65,
        "current_risk": 0.1
      },
      "geometry": {
        "type": "Polygon",
        "coordinates": [
          [
            [
              92.72898921273513,
              23.727191184417254
            ],
            [
              92.73389475851698,
              23.727199702385466
            ],
            [
              92.733885589679,
              23.73171595619381
            ],
            [
              92.72897987487822,
              23.7317074364095
            ],
            [
              92.72898921273513,
              23.727191184417254
            ]
          ]
        ]
      }
    },
    {
      "type": "Feature",
      "properties": {
        "grid_id": "cell_448fe263",
        "base_slope": 28.34,
        "soil_porosity": 43.91,
        "current_risk": 0.1
      },
      "geometry": {
        "type": "Polygon",
        "coordinates": [
          [
            [
              92.72897987487822,
              23.7317074364095
            ],
            [
              92.733885589679,
              23.73171595619381
            ],
            [
              92.73387641856493,
              23.736232207361976
            ],
            [
              92.72897053470325,
              23.736223685761445
            ],
            [
              92.72897987487822,
              23.7317074364095
            ]
          ]
        ]
      }
    },
    {
      "type": "Feature",
      "properties": {
        "grid_id": "cell_42376274",
        "base_slope": 37.27,
        "soil_porosity": 49.85,
        "current_risk": 0.1
      },
      "geometry": {
        "type": "Polygon",
        "coordinates": [
          [
            [
              92.72897053470325,
              23.736223685761445
            ],
            [
              92.73387641856493,
              23.736232207361976
            ],
            [
              92.73386724517441,
              23.740748455889584
            ],
            [
              92.72896119220987,
              23.74073993247271
            ],
            [
              92.72897053470325,
              23.736223685761445
            ]
          ]
        ]
      }
    },
    {
      "type": "Feature",
      "properties": {
        "grid_id": "cell_fa645ad7",
        "base_slope": 18.93,
        "soil_porosity": 54.96,
        "current_risk": 0.1
      },
      "geometry": {
        "type": "Polygon",
        "coordinates": [
          [
            [
              92.72896119220987,
              23.74073993247271
            ],
            [
              92.73386724517441,
              23.740748455889584
            ],
            [
              92.7338580695071,
              23.745264701776254
            ],
            [
              92.72895184739772,
              23.745256176542913
            ],
            [
              92.72896119220987,
              23.74073993247271
            ]
          ]
        ]
      }
    },
    {
      "type": "Feature",
      "properties": {
        "grid_id": "cell_ddab35f4",
        "base_slope": 27.91,
        "soil_porosity": 53.36,
        "current_risk": 0.1
      },
      "geometry": {
        "type": "Polygon",
        "coordinates": [
          [
            [
              92.72895184739772,
              23.745256176542913
            ],
            [
              92.7338580695071,
              23.745264701776254
            ],
            [
              92.73384889156264,
              23.749780945021605
            ],
            [
              92.72894250026647,
              23.74977241797168
            ],
            [
              92.72895184739772,
              23.745256176542913
            ]
          ]
        ]
      }
    },
    {
      "type": "Feature",
      "properties": {
        "grid_id": "cell_6a64e507",
        "base_slope": 43.65,
        "soil_porosity": 42.54,
        "current_risk": 0.1
      },
      "geometry": {
        "type": "Polygon",
        "coordinates": [
          [
            [
              92.72894250026647,
              23.74977241797168
            ],
            [
              92.73384889156264,
              23.749780945021605
            ],
            [
              92.73383971134068,
              23.754297185625262
            ],
            [
              92.72893315081573,
              23.754288656758625
            ],
            [
              92.72894250026647,
              23.74977241797168
            ]
          ]
        ]
      }
    },
    {
      "type": "Feature",
      "properties": {
        "grid_id": "cell_bbbba38c",
        "base_slope": 29.59,
        "soil_porosity": 42.24,
        "current_risk": 0.1
      },
      "geometry": {
        "type": "Polygon",
        "coordinates": [
          [
            [
              92.72893315081573,
              23.754288656758625
            ],
            [
              92.73383971134068,
              23.754297185625262
            ],
            [
              92.7338305288409,
              23.758813423586833
            ],
            [
              92.72892379904516,
              23.758804892903367
            ],
            [
              92.72893315081573,
              23.754288656758625
            ]
          ]
        ]
      }
    },
    {
      "type": "Feature",
      "properties": {
        "grid_id": "cell_6ee1c9a7",
        "base_slope": 46.26,
        "soil_porosity": 44.95,
        "current_risk": 0.1
      },
      "geometry": {
        "type": "Polygon",
        "coordinates": [
          [
            [
              92.72892379904516,
              23.758804892903367
            ],
            [
              92.7338305288409,
              23.758813423586833
            ],
            [
              92.73382134406293,
              23.76332965890595
            ],
            [
              92.72891444495443,
              23.763321126405533
            ],
            [
              92.72892379904516,
              23.758804892903367
            ]
          ]
        ]
      }
    },
    {
      "type": "Feature",
      "properties": {
        "grid_id": "cell_4ea02df8",
        "base_slope": 28.37,
        "soil_porosity": 55.72,
        "current_risk": 0.1
      },
      "geometry": {
        "type": "Polygon",
        "coordinates": [
          [
            [
              92.73394972376617,
              23.70010212411296
            ],
            [
              92.73885425858882,
              23.700110475798684
            ],
            [
              92.73884527216784,
              23.70462674722232
            ],
            [
              92.73394056857751,
              23.704618393754384
            ],
            [
              92.73394972376617,
              23.70010212411296
            ]
          ]
        ]
      }
    },
    {
      "type": "Feature",
      "properties": {
        "grid_id": "cell_4d1b408a",
        "base_slope": 32.37,
        "soil_porosity": 53.32,
        "current_risk": 0.1
      },
      "geometry": {
        "type": "Polygon",
        "coordinates": [
          [
            [
              92.73394056857751,
              23.704618393754384
            ],
            [
              92.73884527216784,
              23.70462674722232
            ],
            [
              92.73883628351474,
              23.709143016008188
            ],
            [
              92.73393141111482,
              23.709134660757915
            ],
            [
              92.73394056857751,
              23.704618393754384
            ]
          ]
        ]
      }
    },
    {
      "type": "Feature",
      "properties": {
        "grid_id": "cell_557d5354",
        "base_slope": 44.82,
        "soil_porosity": 43.5,
        "current_risk": 0.1
      },
      "geometry": {
        "type": "Polygon",
        "coordinates": [
          [
            [
              92.73393141111482,
              23.709134660757915
            ],
            [
              92.73883628351474,
              23.709143016008188
            ],
            [
              92.73882729262921,
              23.71365928215589
            ],
            [
              92.73392225137778,
              23.71365092512317
            ],
            [
              92.73393141111482,
              23.709134660757915
            ]
          ]
        ]
      }
    },
    {
      "type": "Feature",
      "properties": {
        "grid_id": "cell_614dbe4b",
        "base_slope": 33.73,
        "soil_porosity": 51.35,
        "current_risk": 0.1
      },
      "geometry": {
        "type": "Polygon",
        "coordinates": [
          [
            [
              92.73392225137778,
              23.71365092512317
            ],
            [
              92.73882729262921,
              23.71365928215589
            ],
            [
              92.7388182995109,
              23.71817554566505
            ],
            [
              92.73391308936603,
              23.718167186849765
            ],
            [
              92.73392225137778,
              23.71365092512317
            ]
          ]
        ]
      }
    },
    {
      "type": "Feature",
      "properties": {
        "grid_id": "cell_48969fa6",
        "base_slope": 27.1,
        "soil_porosity": 47.42,
        "current_risk": 0.1
      },
      "geometry": {
        "type": "Polygon",
        "coordinates": [
          [
            [
              92.73391308936603,
              23.718167186849765
            ],
            [
              92.7388182995109,
              23.71817554566505
            ],
            [
              92.73880930415947,
              23.72269180653531
            ],
            [
              92.7339039250792,
              23.72268344593732
            ],
            [
              92.73391308936603,
              23.718167186849765
            ]
          ]
        ]
      }
    },
    {
      "type": "Feature",
      "properties": {
        "grid_id": "cell_0cd0758f",
        "base_slope": 45.88,
        "soil_porosity": 51.19,
        "current_risk": 0.1
      },
      "geometry": {
        "type": "Polygon",
        "coordinates": [
          [
            [
              92.7339039250792,
              23.72268344593732
            ],
            [
              92.73880930415947,
              23.72269180653531
            ],
            [
              92.73880030657459,
              23.72720806476626
            ],
            [
              92.73389475851698,
              23.727199702385466
            ],
            [
              92.7339039250792,
              23.72268344593732
            ]
          ]
        ]
      }
    },
    {
      "type": "Feature",
      "properties": {
        "grid_id": "cell_ce8efb9a",
        "base_slope": 15.74,
        "soil_porosity": 46.68,
        "current_risk": 0.1
      },
      "geometry": {
        "type": "Polygon",
        "coordinates": [
          [
            [
              92.73389475851698,
              23.727199702385466
            ],
            [
              92.73880030657459,
              23.72720806476626
            ],
            [
              92.7387913067559,
              23.731724320357525
            ],
            [
              92.733885589679,
              23.73171595619381
            ],
            [
              92.73389475851698,
              23.727199702385466
            ]
          ]
        ]
      }
    },
    {
      "type": "Feature",
      "properties": {
        "grid_id": "cell_b1dd08e5",
        "base_slope": 15.56,
        "soil_porosity": 49.34,
        "current_risk": 0.1
      },
      "geometry": {
        "type": "Polygon",
        "coordinates": [
          [
            [
              92.733885589679,
              23.73171595619381
            ],
            [
              92.7387913067559,
              23.731724320357525
            ],
            [
              92.73878230470307,
              23.73624057330875
            ],
            [
              92.73387641856493,
              23.736232207361976
            ],
            [
              92.733885589679,
              23.73171595619381
            ]
          ]
        ]
      }
    },
    {
      "type": "Feature",
      "properties": {
        "grid_id": "cell_6ac899eb",
        "base_slope": 41.8,
        "soil_porosity": 55.49,
        "current_risk": 0.1
      },
      "geometry": {
        "type": "Polygon",
        "coordinates": [
          [
            [
              92.73387641856493,
              23.736232207361976
            ],
            [
              92.73878230470307,
              23.73624057330875
            ],
            [
              92.73877330041574,
              23.74075682361952
            ],
            [
              92.73386724517441,
              23.740748455889584
            ],
            [
              92.73387641856493,
              23.736232207361976
            ]
          ]
        ]
      }
    },
    {
      "type": "Feature",
      "properties": {
        "grid_id": "cell_395b59d0",
        "base_slope": 16.25,
        "soil_porosity": 56.9,
        "current_risk": 0.1
      },
      "geometry": {
        "type": "Polygon",
        "coordinates": [
          [
            [
              92.73386724517441,
              23.740748455889584
            ],
            [
              92.73877330041574,
              23.74075682361952
            ],
            [
              92.7387642938936,
              23.745273071289475
            ],
            [
              92.7338580695071,
              23.745264701776254
            ],
            [
              92.73386724517441,
              23.740748455889584
            ]
          ]
        ]
      }
    },
    {
      "type": "Feature",
      "properties": {
        "grid_id": "cell_1debd73c",
        "base_slope": 25.72,
        "soil_porosity": 48.52,
        "current_risk": 0.1
      },
      "geometry": {
        "type": "Polygon",
        "coordinates": [
          [
            [
              92.7338580695071,
              23.745264701776254
            ],
            [
              92.7387642938936,
              23.745273071289475
            ],
            [
              92.73875528513629,
              23.749789316318232
            ],
            [
              92.73384889156264,
              23.749780945021605
            ],
            [
              92.7338580695071,
              23.745264701776254
            ]
          ]
        ]
      }
    },
    {
      "type": "Feature",
      "properties": {
        "grid_id": "cell_ebd8059d",
        "base_slope": 27.35,
        "soil_porosity": 53.1,
        "current_risk": 0.1
      },
      "geometry": {
        "type": "Polygon",
        "coordinates": [
          [
            [
              92.73384889156264,
              23.749780945021605
            ],
            [
              92.73875528513629,
              23.749789316318232
            ],
            [
              92.73874627414348,
              23.754305558705404
            ],
            [
              92.73383971134068,
              23.754297185625262
            ],
            [
              92.73384889156264,
              23.749780945021605
            ]
          ]
        ]
      }
    },
    {
      "type": "Feature",
      "properties": {
        "grid_id": "cell_7f17a14c",
        "base_slope": 46.7,
        "soil_porosity": 53.89,
        "current_risk": 0.1
      },
      "geometry": {
        "type": "Polygon",
        "coordinates": [
          [
            [
              92.73383971134068,
              23.754297185625262
            ],
            [
              92.73874627414348,
              23.754305558705404
            ],
            [
              92.73873726091482,
              23.758821798450626
            ],
            [
              92.7338305288409,
              23.758813423586833
            ],
            [
              92.73383971134068,
              23.754297185625262
            ]
          ]
        ]
      }
    },
    {
      "type": "Feature",
      "properties": {
        "grid_id": "cell_934b9afb",
        "base_slope": 26.98,
        "soil_porosity": 42.29,
        "current_risk": 0.1
      },
      "geometry": {
        "type": "Polygon",
        "coordinates": [
          [
            [
              92.7338305288409,
              23.758813423586833
            ],
            [
              92.73873726091482,
              23.758821798450626
            ],
            [
              92.73872824544996,
              23.7633380355535
            ],
            [
              92.73382134406293,
              23.76332965890595
            ],
            [
              92.7338305288409,
              23.758813423586833
            ]
          ]
        ]
      }
    },
    {
      "type": "Feature",
      "properties": {
        "grid_id": "cell_b9c5106c",
        "base_slope": 31.58,
        "soil_porosity": 50.38,
        "current_risk": 0.1
      },
      "geometry": {
        "type": "Polygon",
        "coordinates": [
          [
            [
              92.73885425858882,
              23.700110475798684
            ],
            [
              92.74375879564323,
              23.70011867209569
            ],
            [
              92.74374997799026,
              23.704634945268378
            ],
            [
              92.73884527216784,
              23.70462674722232
            ],
            [
              92.73885425858882,
              23.700110475798684
            ]
          ]
        ]
      }
    },
    {
      "type": "Feature",
      "properties": {
        "grid_id": "cell_e4225528",
        "base_slope": 31.7,
        "soil_porosity": 52.23,
        "current_risk": 0.1
      },
      "geometry": {
        "type": "Polygon",
        "coordinates": [
          [
            [
              92.73884527216784,
              23.70462674722232
            ],
            [
              92.74374997799026,
              23.704634945268378
            ],
            [
              92.74374115814709,
              23.709151215803413
            ],
            [
              92.73883628351474,
              23.709143016008188
            ],
            [
              92.73884527216784,
              23.70462674722232
            ]
          ]
        ]
      }
    },
    {
      "type": "Feature",
      "properties": {
        "grid_id": "cell_608bcc72",
        "base_slope": 40.18,
        "soil_porosity": 52.92,
        "current_risk": 0.1
      },
      "geometry": {
        "type": "Polygon",
        "coordinates": [
          [
            [
              92.73883628351474,
              23.709143016008188
            ],
            [
              92.74374115814709,
              23.709151215803413
            ],
            [
              92.74373233611342,
              23.71366748370041
            ],
            [
              92.73882729262921,
              23.71365928215589
            ],
            [
              92.73883628351474,
              23.709143016008188
            ]
          ]
        ]
      }
    },
    {
      "type": "Feature",
      "properties": {
        "grid_id": "cell_a1850943",
        "base_slope": 20.28,
        "soil_porosity": 49.22,
        "current_risk": 0.1
      },
      "geometry": {
        "type": "Polygon",
        "coordinates": [
          [
            [
              92.73882729262921,
              23.71365928215589
            ],
            [
              92.74373233611342,
              23.71366748370041
            ],
            [
              92.74372351188892,
              23.718183748958975
            ],
            [
              92.7388182995109,
              23.71817554566505
            ],
            [
              92.73882729262921,
              23.71365928215589
            ]
          ]
        ]
      }
    },
    {
      "type": "Feature",
      "properties": {
        "grid_id": "cell_6996bc32",
        "base_slope": 41.3,
        "soil_porosity": 47.66,
        "current_risk": 0.1
      },
      "geometry": {
        "type": "Polygon",
        "coordinates": [
          [
            [
              92.7388182995109,
              23.71817554566505
            ],
            [
              92.74372351188892,
              23.718183748958975
            ],
            [
              92.74371468547321,
              23.72270001157875
            ],
            [
              92.73880930415947,
              23.72269180653531
            ],
            [
              92.7388182995109,
              23.71817554566505
            ]
          ]
        ]
      }
    },
    {
      "type": "Feature",
      "properties": {
        "grid_id": "cell_22459fe9",
        "base_slope": 19.25,
        "soil_porosity": 48.33,
        "current_risk": 0.1
      },
      "geometry": {
        "type": "Polygon",
        "coordinates": [
          [
            [
              92.73880930415947,
              23.72269180653531
            ],
            [
              92.74371468547321,
              23.72270001157875
            ],
            [
              92.743705856866,
              23.72721627155934
            ],
            [
              92.73880030657459,
              23.72720806476626
            ],
            [
              92.73880930415947,
              23.72269180653531
            ]
          ]
        ]
      }
    },
    {
      "type": "Feature",
      "properties": {
        "grid_id": "cell_219abe68",
        "base_slope": 32.45,
        "soil_porosity": 53.61,
        "current_risk": 0.1
      },
      "geometry": {
        "type": "Polygon",
        "coordinates": [
          [
            [
              92.73880030657459,
              23.72720806476626
            ],
            [
              92.743705856866,
              23.72721627155934
            ],
            [
              92.74369702606693,
              23.731732528900366
            ],
            [
              92.7387913067559,
              23.731724320357525
            ],
            [
              92.73880030657459,
              23.72720806476626
            ]
          ]
        ]
      }
    },
    {
      "type": "Feature",
      "properties": {
        "grid_id": "cell_dfcc2964",
        "base_slope": 36.65,
        "soil_porosity": 42.96,
        "current_risk": 0.1
      },
      "geometry": {
        "type": "Polygon",
        "coordinates": [
          [
            [
              92.7387913067559,
              23.731724320357525
            ],
            [
              92.74369702606693,
              23.731732528900366
            ],
            [
              92.74368819307567,
              23.73624878360145
            ],
            [
              92.73878230470307,
              23.73624057330875
            ],
            [
              92.7387913067559,
              23.731724320357525
            ]
          ]
        ]
      }
    },
    {
      "type": "Feature",
      "properties": {
        "grid_id": "cell_339ae12a",
        "base_slope": 23.15,
        "soil_porosity": 50.32,
        "current_risk": 0.1
      },
      "geometry": {
        "type": "Polygon",
        "coordinates": [
          [
            [
              92.73878230470307,
              23.73624057330875
            ],
            [
              92.74368819307567,
              23.73624878360145
            ],
            [
              92.7436793578919,
              23.74076503566222
            ],
            [
              92.73877330041574,
              23.74075682361952
            ],
            [
              92.73878230470307,
              23.73624057330875
            ]
          ]
        ]
      }
    },
    {
      "type": "Feature",
      "properties": {
        "grid_id": "cell_51a8ef82",
        "base_slope": 47.83,
        "soil_porosity": 57.43,
        "current_risk": 0.1
      },
      "geometry": {
        "type": "Polygon",
        "coordinates": [
          [
            [
              92.73877330041574,
              23.74075682361952
            ],
            [
              92.7436793578919,
              23.74076503566222
            ],
            [
              92.74367052051528,
              23.74528128508228
            ],
            [
              92.7387642938936,
              23.745273071289475
            ],
            [
              92.73877330041574,
              23.74075682361952
            ]
          ]
        ]
      }
    },
    {
      "type": "Feature",
      "properties": {
        "grid_id": "cell_bd077e35",
        "base_slope": 46.91,
        "soil_porosity": 55.62,
        "current_risk": 0.1
      },
      "geometry": {
        "type": "Polygon",
        "coordinates": [
          [
            [
              92.7387642938936,
              23.745273071289475
            ],
            [
              92.74367052051528,
              23.74528128508228
            ],
            [
              92.74366168094546,
              23.749797531861258
            ],
            [
              92.73875528513629,
              23.749789316318232
            ],
            [
              92.7387642938936,
              23.745273071289475
            ]
          ]
        ]
      }
    },
    {
      "type": "Feature",
      "properties": {
        "grid_id": "cell_13f48a86",
        "base_slope": 43.93,
        "soil_porosity": 54.64,
        "current_risk": 0.1
      },
      "geometry": {
        "type": "Polygon",
        "coordinates": [
          [
            [
              92.73875528513629,
              23.749789316318232
            ],
            [
              92.74366168094546,
              23.749797531861258
            ],
            [
              92.74365283918212,
              23.754313775998778
            ],
            [
              92.73874627414348,
              23.754305558705404
            ],
            [
              92.73875528513629,
              23.749789316318232
            ]
          ]
        ]
      }
    },
    {
      "type": "Feature",
      "properties": {
        "grid_id": "cell_29ab63dc",
        "base_slope": 47.23,
        "soil_porosity": 42.48,
        "current_risk": 0.1
      },
      "geometry": {
        "type": "Polygon",
        "coordinates": [
          [
            [
              92.73874627414348,
              23.754305558705404
            ],
            [
              92.74365283918212,
              23.754313775998778
            ],
            [
              92.74364399522491,
              23.758830017494457
            ],
            [
              92.73873726091482,
              23.758821798450626
            ],
            [
              92.73874627414348,
              23.754305558705404
            ]
          ]
        ]
      }
    },
    {
      "type": "Feature",
      "properties": {
        "grid_id": "cell_308fa9bf",
        "base_slope": 15.97,
        "soil_porosity": 40.8,
        "current_risk": 0.1
      },
      "geometry": {
        "type": "Polygon",
        "coordinates": [
          [
            [
              92.73873726091482,
              23.758821798450626
            ],
            [
              92.74364399522491,
              23.758830017494457
            ],
            [
              92.74363514907353,
              23.763346256347905
            ],
            [
              92.73872824544996,
              23.7633380355535
            ],
            [
              92.73873726091482,
              23.758821798450626
            ]
          ]
        ]
      }
    },
    {
      "type": "Feature",
      "properties": {
        "grid_id": "cell_ec7914f7",
        "base_slope": 15.66,
        "soil_porosity": 43.14,
        "current_risk": 0.1
      },
      "geometry": {
        "type": "Polygon",
        "coordinates": [
          [
            [
              92.74375879564323,
              23.70011867209569
            ],
            [
              92.74866333488748,
              23.700126713003694
            ],
            [
              92.74865468600287,
              23.70464298789228
            ],
            [
              92.74374997799026,
              23.704634945268378
            ],
            [
              92.74375879564323,
              23.70011867209569
            ]
          ]
        ]
      }
    },
    {
      "type": "Feature",
      "properties": {
        "grid_id": "cell_29cb6ad5",
        "base_slope": 44.68,
        "soil_porosity": 55.21,
        "current_risk": 0.1
      },
      "geometry": {
        "type": "Polygon",
        "coordinates": [
          [
            [
              92.74374997799026,
              23.704634945268378
            ],
            [
              92.74865468600287,
              23.70464298789228
            ],
            [
              92.74864603496997,
              23.709159260143323
            ],
            [
              92.74374115814709,
              23.709151215803413
            ],
            [
              92.74374997799026,
              23.704634945268378
            ]
          ]
        ]
      }
    },
    {
      "type": "Feature",
      "properties": {
        "grid_id": "cell_e8271040",
        "base_slope": 26.75,
        "soil_porosity": 44.14,
        "current_risk": 0.1
      },
      "geometry": {
        "type": "Polygon",
        "coordinates": [
          [
            [
              92.74374115814709,
              23.709151215803413
            ],
            [
              92.74864603496997,
              23.709159260143323
            ],
            [
              92.74863738178848,
              23.71367552975644
            ],
            [
              92.74373233611342,
              23.71366748370041
            ],
            [
              92.74374115814709,
              23.709151215803413
            ]
          ]
        ]
      }
    },
    {
      "type": "Feature",
      "properties": {
        "grid_id": "cell_bb447f4b",
        "base_slope": 25.0,
        "soil_porosity": 57.32,
        "current_risk": 0.1
      },
      "geometry": {
        "type": "Polygon",
        "coordinates": [
          [
            [
              92.74373233611342,
              23.71366748370041
            ],
            [
              92.74863738178848,
              23.71367552975644
            ],
            [
              92.74862872645811,
              23.718191796731244
            ],
            [
              92.74372351188892,
              23.718183748958975
            ],
            [
              92.74373233611342,
              23.71366748370041
            ]
          ]
        ]
      }
    },
    {
      "type": "Feature",
      "properties": {
        "grid_id": "cell_dac9c8ae",
        "base_slope": 33.22,
        "soil_porosity": 44.97,
        "current_risk": 0.1
      },
      "geometry": {
        "type": "Polygon",
        "coordinates": [
          [
            [
              92.74372351188892,
              23.718183748958975
            ],
            [
              92.74862872645811,
              23.718191796731244
            ],
            [
              92.74862006897847,
              23.722708061067372
            ],
            [
              92.74371468547321,
              23.72270001157875
            ],
            [
              92.74372351188892,
              23.718183748958975
            ]
          ]
        ]
      }
    },
    {
      "type": "Feature",
      "properties": {
        "grid_id": "cell_05da6af2",
        "base_slope": 46.52,
        "soil_porosity": 46.41,
        "current_risk": 0.1
      },
      "geometry": {
        "type": "Polygon",
        "coordinates": [
          [
            [
              92.74371468547321,
              23.72270001157875
            ],
            [
              92.74862006897847,
              23.722708061067372
            ],
            [
              92.74861140934925,
              23.727224322764435
            ],
            [
              92.743705856866,
              23.72721627155934
            ],
            [
              92.74371468547321,
              23.72270001157875
            ]
          ]
        ]
      }
    },
    {
      "type": "Feature",
      "properties": {
        "grid_id": "cell_6f2fcf00",
        "base_slope": 40.8,
        "soil_porosity": 49.1,
        "current_risk": 0.1
      },
      "geometry": {
        "type": "Polygon",
        "coordinates": [
          [
            [
              92.743705856866,
              23.72721627155934
            ],
            [
              92.74861140934925,
              23.727224322764435
            ],
            [
              92.74860274757015,
              23.73174058182204
            ],
            [
              92.74369702606693,
              23.731732528900366
            ],
            [
              92.743705856866,
              23.72721627155934
            ]
          ]
        ]
      }
    },
    {
      "type": "Feature",
      "properties": {
        "grid_id": "cell_51897cda",
        "base_slope": 47.93,
        "soil_porosity": 47.26,
        "current_risk": 0.1
      },
      "geometry": {
        "type": "Polygon",
        "coordinates": [
          [
            [
              92.74369702606693,
              23.731732528900366
            ],
            [
              92.74860274757015,
              23.73174058182204
            ],
            [
              92.74859408364081,
              23.73625683823983
            ],
            [
              92.74368819307567,
              23.73624878360145
            ],
            [
              92.74369702606693,
              23.731732528900366
            ]
          ]
        ]
      }
    },
    {
      "type": "Feature",
      "properties": {
        "grid_id": "cell_d5db48d9",
        "base_slope": 36.09,
        "soil_porosity": 47.41,
        "current_risk": 0.1
      },
      "geometry": {
        "type": "Polygon",
        "coordinates": [
          [
            [
              92.74368819307567,
              23.73624878360145
            ],
            [
              92.74859408364081,
              23.73625683823983
            ],
            [
              92.74858541756092,
              23.740773092017406
            ],
            [
              92.7436793578919,
              23.74076503566222
            ],
            [
              92.74368819307567,
              23.73624878360145
            ]
          ]
        ]
      }
    },
    {
      "type": "Feature",
      "properties": {
        "grid_id": "cell_d1103c32",
        "base_slope": 37.68,
        "soil_porosity": 48.13,
        "current_risk": 0.1
      },
      "geometry": {
        "type": "Polygon",
        "coordinates": [
          [
            [
              92.7436793578919,
              23.74076503566222
            ],
            [
              92.74858541756092,
              23.740773092017406
            ],
            [
              92.74857674933014,
              23.745289343154393
            ],
            [
              92.74367052051528,
              23.74528128508228
            ],
            [
              92.7436793578919,
              23.74076503566222
            ]
          ]
        ]
      }
    },
    {
      "type": "Feature",
      "properties": {
        "grid_id": "cell_e20484d7",
        "base_slope": 23.2,
        "soil_porosity": 47.67,
        "current_risk": 0.1
      },
      "geometry": {
        "type": "Polygon",
        "coordinates": [
          [
            [
              92.74367052051528,
              23.74528128508228
            ],
            [
              92.74857674933014,
              23.745289343154393
            ],
            [
              92.74856807894815,
              23.749805591650418
            ],
            [
              92.74366168094546,
              23.749797531861258
            ],
            [
              92.74367052051528,
              23.74528128508228
            ]
          ]
        ]
      }
    },
    {
      "type": "Feature",
      "properties": {
        "grid_id": "cell_01a118a4",
        "base_slope": 36.15,
        "soil_porosity": 46.22,
        "current_risk": 0.1
      },
      "geometry": {
        "type": "Polygon",
        "coordinates": [
          [
            [
              92.74366168094546,
              23.749797531861258
            ],
            [
              92.74856807894815,
              23.749805591650418
            ],
            [
              92.74855940641463,
              23.754321837505096
            ],
            [
              92.74365283918212,
              23.754313775998778
            ],
            [
              92.74366168094546,
              23.749797531861258
            ]
          ]
        ]
      }
    },
    {
      "type": "Feature",
      "properties": {
        "grid_id": "cell_85ade1e7",
        "base_slope": 29.15,
        "soil_porosity": 45.21,
        "current_risk": 0.1
      },
      "geometry": {
        "type": "Polygon",
        "coordinates": [
          [
            [
              92.74365283918212,
              23.754313775998778
            ],
            [
              92.74855940641463,
              23.754321837505096
            ],
            [
              92.74855073172922,
              23.75883808071804
            ],
            [
              92.74364399522491,
              23.758830017494457
            ],
            [
              92.74365283918212,
              23.754313775998778
            ]
          ]
        ]
      }
    },
    {
      "type": "Feature",
      "properties": {
        "grid_id": "cell_e9295318",
        "base_slope": 35.36,
        "soil_porosity": 57.45,
        "current_risk": 0.1
      },
      "geometry": {
        "type": "Polygon",
        "coordinates": [
          [
            [
              92.74364399522491,
              23.758830017494457
            ],
            [
              92.74855073172922,
              23.75883808071804
            ],
            [
              92.74854205489163,
              23.763354321288883
            ],
            [
              92.74363514907353,
              23.763346256347905
            ],
            [
              92.74364399522491,
              23.758830017494457
            ]
          ]
        ]
      }
    },
    {
      "type": "Feature",
      "properties": {
        "grid_id": "cell_ad514541",
        "base_slope": 38.64,
        "soil_porosity": 56.9,
        "current_risk": 0.1
      },
      "geometry": {
        "type": "Polygon",
        "coordinates": [
          [
            [
              92.74866333488748,
              23.700126713003694
            ],
            [
              92.75356787627967,
              23.700134598522418
            ],
            [
              92.75355939616372,
              23.70465087509374
            ],
            [
              92.74865468600287,
              23.70464298789228
            ],
            [
              92.74866333488748,
              23.700126713003694
            ]
          ]
        ]
      }
    },
    {
      "type": "Feature",
      "properties": {
        "grid_id": "cell_62d1db6d",
        "base_slope": 31.69,
        "soil_porosity": 42.14,
        "current_risk": 0.1
      },
      "geometry": {
        "type": "Polygon",
        "coordinates": [
          [
            [
              92.74865468600287,
              23.70464298789228
            ],
            [
              92.75355939616372,
              23.70465087509374
            ],
            [
              92.75355091394142,
              23.709167149027632
            ],
            [
              92.74864603496997,
              23.709159260143323
            ],
            [
              92.74865468600287,
              23.70464298789228
            ]
          ]
        ]
      }
    },
    {
      "type": "Feature",
      "properties": {
        "grid_id": "cell_57185fd5",
        "base_slope": 26.01,
        "soil_porosity": 45.97,
        "current_risk": 0.1
      },
      "geometry": {
        "type": "Polygon",
        "coordinates": [
          [
            [
              92.74864603496997,
              23.709159260143323
            ],
            [
              92.75355091394142,
              23.709167149027632
            ],
            [
              92.75354242961248,
              23.713683420323708
            ],
            [
              92.74863738178848,
              23.71367552975644
            ],
            [
              92.74864603496997,
              23.709159260143323
            ]
          ]
        ]
      }
    },
    {
      "type": "Feature",
      "properties": {
        "grid_id": "cell_fed61b38",
        "base_slope": 21.83,
        "soil_porosity": 45.58,
        "current_risk": 0.1
      },
      "geometry": {
        "type": "Polygon",
        "coordinates": [
          [
            [
              92.74863738178848,
              23.71367552975644
            ],
            [
              92.75354242961248,
              23.713683420323708
            ],
            [
              92.75353394317652,
              23.71819968898159
            ],
            [
              92.74862872645811,
              23.718191796731244
            ],
            [
              92.74863738178848,
              23.71367552975644
            ]
          ]
        ]
      }
    },
    {
      "type": "Feature",
      "properties": {
        "grid_id": "cell_7ca91631",
        "base_slope": 19.95,
        "soil_porosity": 42.42,
        "current_risk": 0.1
      },
      "geometry": {
        "type": "Polygon",
        "coordinates": [
          [
            [
              92.74862872645811,
              23.718191796731244
            ],
            [
              92.75353394317652,
              23.71819968898159
            ],
            [
              92.75352545463328,
              23.722715955000897
            ],
            [
              92.74862006897847,
              23.722708061067372
            ],
            [
              92.74862872645811,
              23.718191796731244
            ]
          ]
        ]
      }
    },
    {
      "type": "Feature",
      "properties": {
        "grid_id": "cell_bf32c4ec",
        "base_slope": 27.35,
        "soil_porosity": 49.96,
        "current_risk": 0.1
      },
      "geometry": {
        "type": "Polygon",
        "coordinates": [
          [
            [
              92.74862006897847,
              23.722708061067372
            ],
            [
              92.75352545463328,
              23.722715955000897
            ],
            [
              92.75351696398242,
              23.72723221838126
            ],
            [
              92.74861140934925,
              23.727224322764435
            ],
            [
              92.74862006897847,
              23.722708061067372
            ]
          ]
        ]
      }
    },
    {
      "type": "Feature",
      "properties": {
        "grid_id": "cell_10aeb2d4",
        "base_slope": 42.56,
        "soil_porosity": 54.07,
        "current_risk": 0.1
      },
      "geometry": {
        "type": "Polygon",
        "coordinates": [
          [
            [
              92.74861140934925,
              23.727224322764435
            ],
            [
              92.75351696398242,
              23.72723221838126
            ],
            [
              92.75350847122358,
              23.731748479122277
            ],
            [
              92.74860274757015,
              23.73174058182204
            ],
            [
              92.74861140934925,
              23.727224322764435
            ]
          ]
        ]
      }
    },
    {
      "type": "Feature",
      "properties": {
        "grid_id": "cell_67d12901",
        "base_slope": 17.75,
        "soil_porosity": 54.34,
        "current_risk": 0.1
      },
      "geometry": {
        "type": "Polygon",
        "coordinates": [
          [
            [
              92.74860274757015,
              23.73174058182204
            ],
            [
              92.75350847122358,
              23.731748479122277
            ],
            [
              92.7534999763565,
              23.73626473722359
            ],
            [
              92.74859408364081,
              23.73625683823983
            ],
            [
              92.74860274757015,
              23.73174058182204
            ]
          ]
        ]
      }
    },
    {
      "type": "Feature",
      "properties": {
        "grid_id": "cell_b4be6967",
        "base_slope": 21.9,
        "soil_porosity": 57.83,
        "current_risk": 0.1
      },
      "geometry": {
        "type": "Polygon",
        "coordinates": [
          [
            [
              92.74859408364081,
              23.73625683823983
            ],
            [
              92.7534999763565,
              23.73626473722359
            ],
            [
              92.75349147938081,
              23.7407809926848
            ],
            [
              92.74858541756092,
              23.740773092017406
            ],
            [
              92.74859408364081,
              23.73625683823983
            ]
          ]
        ]
      }
    },
    {
      "type": "Feature",
      "properties": {
        "grid_id": "cell_22f017fd",
        "base_slope": 43.52,
        "soil_porosity": 55.64,
        "current_risk": 0.1
      },
      "geometry": {
        "type": "Polygon",
        "coordinates": [
          [
            [
              92.74858541756092,
              23.740773092017406
            ],
            [
              92.75349147938081,
              23.7407809926848
            ],
            [
              92.75348298029623,
              23.745297245505544
            ],
            [
              92.74857674933014,
              23.745289343154393
            ],
            [
              92.74858541756092,
              23.740773092017406
            ]
          ]
        ]
      }
    },
    {
      "type": "Feature",
      "properties": {
        "grid_id": "cell_67b39a3a",
        "base_slope": 31.04,
        "soil_porosity": 41.5,
        "current_risk": 0.1
      },
      "geometry": {
        "type": "Polygon",
        "coordinates": [
          [
            [
              92.74857674933014,
              23.745289343154393
            ],
            [
              92.75348298029623,
              23.745297245505544
            ],
            [
              92.75347447910238,
              23.749813495685423
            ],
            [
              92.74856807894815,
              23.749805591650418
            ],
            [
              92.74857674933014,
              23.745289343154393
            ]
          ]
        ]
      }
    },
    {
      "type": "Feature",
      "properties": {
        "grid_id": "cell_8c0b1896",
        "base_slope": 41.87,
        "soil_porosity": 52.58,
        "current_risk": 0.1
      },
      "geometry": {
        "type": "Polygon",
        "coordinates": [
          [
            [
              92.74856807894815,
              23.749805591650418
            ],
            [
              92.75347447910238,
              23.749813495685423
            ],
            [
              92.75346597579899,
              23.75432974322407
            ],
            [
              92.74855940641463,
              23.754321837505096
            ],
            [
              92.74856807894815,
              23.749805591650418
            ]
          ]
        ]
      }
    },
    {
      "type": "Feature",
      "properties": {
        "grid_id": "cell_f58a3775",
        "base_slope": 46.79,
        "soil_porosity": 53.89,
        "current_risk": 0.1
      },
      "geometry": {
        "type": "Polygon",
        "coordinates": [
          [
            [
              92.74855940641463,
              23.754321837505096
            ],
            [
              92.75346597579899,
              23.75432974322407
            ],
            [
              92.75345747038573,
              23.758845988121106
            ],
            [
              92.74855073172922,
              23.75883808071804
            ],
            [
              92.74855940641463,
              23.754321837505096
            ]
          ]
        ]
      }
    },
    {
      "type": "Feature",
      "properties": {
        "grid_id": "cell_61d37277",
        "base_slope": 29.56,
        "soil_porosity": 46.28,
        "current_risk": 0.1
      },
      "geometry": {
        "type": "Polygon",
        "coordinates": [
          [
            [
              92.74855073172922,
              23.75883808071804
            ],
            [
              92.75345747038573,
              23.758845988121106
            ],
            [
              92.75344896286227,
              23.763362230376142
            ],
            [
              92.74854205489163,
              23.763354321288883
            ],
            [
              92.74855073172922,
              23.75883808071804
            ]
          ]
        ]
      }
    }
  ]
}